Date,count_heard_inf,news_inflation,news_inflation_ratio,count_heard_unfav,unfav_inflation,unfav_inflation_ratio,count_heard_fav,fav_inflation,fav_inflation_ratio,count_up_or_down,go_up,go_up_same_rate,stay_same,go_down
1978.0,693,27,0.03896103896103896,693,25,0.03607503607503607,693,2,0.002886002886002886,693,605,0,68,15
1978.0833333333333,1276,49,0.0384012539184953,1276,46,0.03605015673981191,1276,3,0.0023510971786833857,1276,1118,0,121,13
1978.1666666666665,793,30,0.03783102143757881,793,29,0.03656998738965952,793,1,0.0012610340479192938,793,702,0,77,5
1978.2499999999998,742,53,0.07142857142857142,742,48,0.0646900269541779,742,5,0.006738544474393531,742,683,0,40,7
1978.333333333333,1298,115,0.08859784283513097,1298,108,0.08320493066255778,1298,7,0.00539291217257319,1298,1127,0,133,22
1978.4166666666663,701,57,0.08131241084165478,701,56,0.07988587731811697,701,1,0.0014265335235378032,701,634,0,51,11
1978.4999999999995,758,60,0.079155672823219,758,57,0.07519788918205805,758,3,0.00395778364116095,758,675,0,62,17
1978.5833333333328,1185,111,0.09367088607594937,1185,99,0.08354430379746836,1185,12,0.010126582278481013,1185,1033,0,113,20
1978.666666666666,755,59,0.0781456953642384,755,42,0.05562913907284768,755,17,0.022516556291390728,755,657,0,76,11
1978.7499999999993,757,52,0.06869220607661823,757,45,0.059445178335535004,757,7,0.009247027741083224,757,677,0,65,8
1978.8333333333326,1459,125,0.08567511994516792,1459,118,0.08087731322823852,1459,7,0.004797806716929404,1459,1286,0,135,14
1978.9166666666658,769,84,0.10923276983094929,769,83,0.10793237971391417,769,1,0.0013003901170351106,769,709,0,37,9
1978.999999999999,884,91,0.10294117647058823,884,86,0.09728506787330317,884,5,0.005656108597285068,884,819,0,44,11
1979.0833333333323,1361,177,0.13005143277002204,1361,161,0.11829537105069801,1361,16,0.011756061719324026,1361,1218,0,107,24
1979.1666666666656,769,104,0.1352405721716515,769,97,0.12613784135240572,769,7,0.009102730819245773,769,727,0,30,5
1979.2499999999989,962,162,0.1683991683991684,962,158,0.16424116424116425,962,4,0.004158004158004158,962,892,0,50,9
1979.3333333333321,1251,208,0.16626698641087131,1251,192,0.15347721822541965,1251,16,0.012789768185451638,1251,1142,0,78,14
1979.4166666666654,1058,126,0.11909262759924386,1058,121,0.11436672967863894,1058,5,0.004725897920604915,1058,940,0,86,15
1979.4999999999986,1173,173,0.1474850809889173,1173,166,0.14151747655583974,1173,7,0.005967604433077579,1173,1031,0,101,23
1979.583333333332,1212,158,0.13036303630363036,1212,151,0.12458745874587458,1212,7,0.005775577557755775,1212,1043,0,124,30
1979.6666666666652,946,104,0.10993657505285412,946,97,0.10253699788583509,946,7,0.007399577167019027,946,828,0,87,24
1979.7499999999984,1167,114,0.09768637532133675,1167,103,0.08826049700085689,1167,11,0.009425878320479864,1167,1009,0,118,29
1979.8333333333317,1327,123,0.09269027882441598,1327,113,0.08515448379804069,1327,10,0.007535795026375283,1327,1146,0,134,33
1979.916666666665,850,59,0.06941176470588235,850,55,0.06470588235294118,850,4,0.004705882352941176,850,722,0,97,17
1979.9999999999982,769,89,0.11573472041612484,769,86,0.11183355006501951,769,3,0.0039011703511053317,769,693,0,58,12
1980.0833333333314,1019,110,0.10794896957801767,1019,104,0.10206084396467124,1019,6,0.005888125613346418,1019,928,0,76,7
1980.1666666666647,707,68,0.09618104667609619,707,67,0.09476661951909476,707,1,0.0014144271570014145,707,605,0,75,17
1980.249999999998,719,86,0.11961057023643949,719,83,0.11543810848400557,719,3,0.004172461752433936,719,576,0,100,32
1980.3333333333312,703,45,0.06401137980085349,703,40,0.05689900426742532,703,5,0.007112375533428165,703,503,0,156,38
1980.4166666666645,688,41,0.059593023255813955,688,36,0.05232558139534884,688,5,0.007267441860465116,688,508,0,123,39
1980.4999999999977,668,50,0.0748502994011976,668,43,0.06437125748502993,668,7,0.010479041916167664,668,503,0,127,25
1980.583333333331,658,50,0.07598784194528875,658,46,0.06990881458966565,658,4,0.0060790273556231,658,531,0,98,18
1980.6666666666642,682,51,0.0747800586510264,682,46,0.06744868035190615,682,5,0.007331378299120235,682,553,0,95,18
1980.7499999999975,685,48,0.07007299270072993,685,42,0.061313868613138686,685,6,0.008759124087591242,685,557,0,95,22
1980.8333333333308,694,42,0.06051873198847262,694,35,0.05043227665706052,694,7,0.010086455331412104,694,513,0,146,23
1980.916666666664,683,38,0.055636896046852125,683,36,0.0527086383601757,683,2,0.0029282576866764276,683,559,0,84,25
1980.9999999999973,697,41,0.058823529411764705,697,40,0.05738880918220947,697,1,0.0014347202295552368,697,550,0,117,15
1981.0833333333305,668,50,0.0748502994011976,668,45,0.06736526946107785,668,5,0.0074850299401197605,668,544,0,98,17
1981.1666666666638,703,37,0.05263157894736842,703,30,0.04267425320056899,703,7,0.00995732574679943,703,522,0,133,37
1981.249999999997,690,36,0.05217391304347826,690,28,0.04057971014492753,690,8,0.011594202898550725,690,513,0,135,32
1981.3333333333303,667,28,0.041979010494752625,667,21,0.031484257871064465,667,7,0.010494752623688156,667,496,0,133,29
1981.4166666666636,675,36,0.05333333333333334,675,22,0.03259259259259259,675,14,0.02074074074074074,675,480,0,160,30
1981.4999999999968,694,45,0.06484149855907781,694,21,0.03025936599423631,694,24,0.0345821325648415,694,482,0,179,30
1981.58333333333,696,27,0.03879310344827586,696,14,0.020114942528735632,696,13,0.01867816091954023,696,492,0,168,22
1981.6666666666633,680,26,0.03823529411764706,680,24,0.03529411764705882,680,2,0.0029411764705882353,680,481,0,169,24
1981.7499999999966,712,15,0.021067415730337078,712,12,0.016853932584269662,712,3,0.004213483146067416,712,516,0,158,29
1981.8333333333298,690,20,0.028985507246376812,690,19,0.02753623188405797,690,1,0.0014492753623188406,690,494,0,154,33
1981.916666666663,701,25,0.03566333808844508,701,18,0.025677603423680456,701,7,0.009985734664764621,701,450,0,188,51
1981.9999999999964,704,24,0.03409090909090909,704,17,0.024147727272727272,704,7,0.009943181818181818,704,450,0,215,29
1982.0833333333296,700,20,0.02857142857142857,700,16,0.022857142857142857,700,4,0.005714285714285714,700,439,0,214,38
1982.1666666666629,684,25,0.03654970760233918,684,19,0.027777777777777776,684,6,0.008771929824561403,684,401,63,144,66
1982.2499999999961,702,36,0.05128205128205128,702,15,0.021367521367521368,702,21,0.029914529914529916,702,396,69,144,79
1982.3333333333294,691,41,0.059334298118668596,691,16,0.023154848046309694,691,25,0.0361794500723589,691,357,66,183,69
1982.4166666666626,703,29,0.041251778093883355,703,13,0.01849217638691323,703,16,0.02275960170697013,703,419,70,157,46
1982.499999999996,708,17,0.02401129943502825,708,9,0.012711864406779662,708,8,0.011299435028248588,708,463,76,128,29
1982.5833333333292,680,21,0.030882352941176472,680,10,0.014705882352941176,680,11,0.016176470588235296,680,443,65,131,31
1982.6666666666624,695,18,0.025899280575539568,695,12,0.017266187050359712,695,6,0.008633093525179856,695,402,70,174,34
1982.7499999999957,687,14,0.020378457059679767,687,4,0.005822416302765648,687,10,0.01455604075691412,687,381,73,159,61
1982.833333333329,682,12,0.017595307917888565,682,5,0.007331378299120235,682,7,0.010263929618768328,682,367,77,169,53
1982.9166666666622,682,13,0.01906158357771261,682,6,0.008797653958944282,682,7,0.010263929618768328,682,383,72,152,62
1982.9999999999955,682,16,0.02346041055718475,682,8,0.011730205278592375,682,8,0.011730205278592375,682,342,97,194,37
1983.0833333333287,709,30,0.04231311706629055,709,7,0.009873060648801129,709,23,0.03244005641748942,709,364,79,201,55
1983.166666666662,696,37,0.05316091954022988,696,5,0.007183908045977011,696,32,0.04597701149425287,696,296,88,237,68
1983.2499999999952,707,31,0.04384724186704385,707,7,0.009900990099009901,707,24,0.033946251768033946,707,406,68,172,44
1983.3333333333285,700,28,0.04,700,8,0.011428571428571429,700,20,0.02857142857142857,700,400,69,188,36
1983.4166666666617,714,21,0.029411764705882353,714,8,0.011204481792717087,714,13,0.018207282913165267,714,410,78,178,41
1983.499999999995,680,17,0.025,680,3,0.004411764705882353,680,14,0.020588235294117647,680,384,89,170,24
1983.5833333333283,673,14,0.020802377414561663,673,5,0.007429420505200594,673,9,0.01337295690936107,673,411,88,147,12
1983.6666666666615,704,30,0.04261363636363636,704,12,0.017045454545454544,704,18,0.02556818181818182,704,446,64,165,22
1983.7499999999948,689,12,0.01741654571843251,689,4,0.005805515239477504,689,8,0.011611030478955007,689,452,57,149,16
1983.833333333328,701,12,0.017118402282453638,701,4,0.005706134094151213,701,8,0.011412268188302425,701,465,60,131,33
1983.9166666666613,701,20,0.028530670470756064,701,6,0.008559201141226819,701,14,0.019971469329529243,701,434,85,135,29
1983.9999999999945,681,21,0.030837004405286344,681,9,0.013215859030837005,681,12,0.01762114537444934,681,411,79,157,17
1984.0833333333278,687,11,0.01601164483260553,687,5,0.00727802037845706,687,6,0.008733624454148471,687,438,80,146,13
1984.166666666661,700,17,0.024285714285714285,700,8,0.011428571428571429,700,9,0.012857142857142857,700,436,78,152,23
1984.2499999999943,705,9,0.01276595744680851,705,5,0.0070921985815602835,705,4,0.005673758865248227,705,495,61,124,11
1984.3333333333276,690,19,0.02753623188405797,690,6,0.008695652173913044,690,13,0.01884057971014493,690,481,66,115,16
1984.4166666666608,680,13,0.01911764705882353,680,8,0.011764705882352941,680,5,0.007352941176470588,680,471,65,118,20
1984.499999999994,656,11,0.01676829268292683,656,5,0.007621951219512195,656,6,0.009146341463414634,656,396,84,143,17
1984.5833333333273,692,19,0.02745664739884393,692,7,0.010115606936416185,692,12,0.017341040462427744,692,409,111,142,21
1984.6666666666606,690,19,0.02753623188405797,690,8,0.011594202898550725,690,11,0.015942028985507246,690,410,93,154,17
1984.7499999999939,706,15,0.021246458923512748,706,9,0.012747875354107648,706,6,0.0084985835694051,706,457,82,131,21
1984.8333333333271,710,24,0.03380281690140845,710,11,0.015492957746478873,710,13,0.018309859154929577,710,433,90,142,30
1984.9166666666604,704,15,0.02130681818181818,704,6,0.008522727272727272,704,9,0.01278409090909091,704,453,72,143,25
1984.9999999999936,640,17,0.0265625,640,7,0.0109375,640,10,0.015625,640,384,85,140,22
1985.083333333327,655,21,0.03206106870229008,655,7,0.010687022900763359,655,14,0.021374045801526718,655,401,87,142,19
1985.1666666666601,653,14,0.021439509954058193,653,6,0.009188361408882083,653,8,0.01225114854517611,653,413,72,149,17
1985.2499999999934,675,9,0.013333333333333334,675,5,0.007407407407407408,675,4,0.005925925925925926,675,466,66,119,16
1985.3333333333267,661,16,0.024205748865355523,661,10,0.015128593040847202,661,6,0.009077155824508321,661,442,71,117,20
1985.41666666666,652,12,0.018404907975460124,652,8,0.012269938650306749,652,4,0.006134969325153374,652,422,85,113,20
1985.4999999999932,641,10,0.015600624024960999,641,3,0.0046801872074883,641,7,0.0109204368174727,641,389,86,137,19
1985.5833333333264,650,10,0.015384615384615385,650,6,0.009230769230769232,650,4,0.006153846153846154,650,404,76,151,14
1985.6666666666597,654,11,0.016819571865443424,654,8,0.012232415902140673,654,3,0.0045871559633027525,654,390,80,152,23
1985.749999999993,652,11,0.01687116564417178,652,7,0.010736196319018405,652,4,0.006134969325153374,652,436,63,134,13
1985.8333333333262,651,12,0.018433179723502304,651,10,0.015360983102918587,651,2,0.0030721966205837174,651,403,71,137,30
1985.9166666666595,652,13,0.019938650306748466,652,6,0.009202453987730062,652,7,0.010736196319018405,652,438,79,110,18
1985.9999999999927,656,13,0.019817073170731708,656,8,0.012195121951219513,656,5,0.007621951219512195,656,392,104,131,24
1986.083333333326,656,22,0.03353658536585366,656,12,0.018292682926829267,656,10,0.01524390243902439,656,367,98,136,45
1986.1666666666592,658,52,0.0790273556231003,658,26,0.03951367781155015,658,26,0.03951367781155015,658,304,111,151,86
1986.2499999999925,658,71,0.10790273556231003,658,22,0.03343465045592705,658,49,0.07446808510638298,658,308,111,161,68
1986.3333333333258,655,58,0.08854961832061069,655,30,0.04580152671755725,655,28,0.042748091603053436,655,321,113,164,45
1986.416666666659,658,24,0.0364741641337386,658,9,0.013677811550151976,658,15,0.022796352583586626,658,399,111,117,24
1986.4999999999923,665,23,0.03458646616541353,665,6,0.009022556390977444,665,17,0.02556390977443609,665,366,98,146,45
1986.5833333333255,653,33,0.05053598774885146,653,22,0.033690658499234305,653,11,0.016845329249617153,653,388,122,108,31
1986.6666666666588,659,22,0.03338391502276176,659,17,0.025796661608497723,659,5,0.007587253414264037,659,394,103,123,36
1986.749999999992,651,16,0.02457757296466974,651,8,0.01228878648233487,651,8,0.01228878648233487,651,402,87,127,24
1986.8333333333253,656,15,0.022865853658536585,656,8,0.012195121951219513,656,7,0.010670731707317074,656,387,113,121,31
1986.9166666666586,653,16,0.02450229709035222,653,13,0.019908116385911178,653,3,0.004594180704441042,653,410,102,92,38
1986.9999999999918,655,20,0.030534351145038167,655,11,0.016793893129770993,655,9,0.013740458015267175,655,411,112,102,23
1987.083333333325,657,13,0.0197869101978691,657,9,0.0136986301369863,657,4,0.0060882800608828,657,426,92,117,17
1987.1666666666583,652,18,0.027607361963190184,652,14,0.02147239263803681,652,4,0.006134969325153374,652,432,94,100,20
1987.2499999999916,652,17,0.02607361963190184,652,11,0.01687116564417178,652,6,0.009202453987730062,652,434,87,106,23
1987.3333333333248,651,10,0.015360983102918587,651,10,0.015360983102918587,651,0,0.0,651,448,95,90,11
1987.416666666658,654,20,0.03058103975535168,654,14,0.021406727828746176,654,6,0.009174311926605505,654,473,75,82,17
1987.4999999999914,651,33,0.05069124423963134,651,18,0.027649769585253458,651,15,0.02304147465437788,651,463,67,98,16
1987.5833333333246,654,27,0.04128440366972477,654,12,0.01834862385321101,654,15,0.022935779816513763,654,472,84,80,12
1987.6666666666579,650,9,0.013846153846153847,650,7,0.010769230769230769,650,2,0.003076923076923077,650,456,86,87,10
1987.7499999999911,500,6,0.012,500,1,0.002,500,5,0.01,500,336,83,63,12
1987.8333333333244,501,4,0.007984031936127744,501,4,0.007984031936127744,501,0,0.0,501,312,83,73,27
1987.9166666666576,500,6,0.012,500,6,0.012,500,0,0.0,500,324,69,81,19
1987.999999999991,502,15,0.029880478087649404,502,11,0.021912350597609563,502,4,0.00796812749003984,502,313,74,88,22
1988.0833333333242,500,6,0.012,500,3,0.006,500,3,0.006,500,328,77,73,15
1988.1666666666574,500,9,0.018,500,5,0.01,500,4,0.008,500,324,88,73,13
1988.2499999999907,504,10,0.01984126984126984,504,6,0.011904761904761904,504,4,0.007936507936507936,504,353,72,66,10
1988.333333333324,500,9,0.018,500,5,0.01,500,4,0.008,500,350,71,63,11
1988.4166666666572,500,9,0.018,500,6,0.012,500,3,0.006,500,367,59,59,12
1988.4999999999905,501,11,0.021956087824351298,501,6,0.011976047904191617,501,5,0.00998003992015968,501,424,33,34,7
1988.5833333333237,500,7,0.014,500,6,0.012,500,1,0.002,500,400,58,28,11
1988.666666666657,500,19,0.038,500,14,0.028,500,5,0.01,500,405,51,37,3
1988.7499999999902,501,16,0.031936127744510975,501,12,0.023952095808383235,501,4,0.007984031936127744,501,395,53,39,7
1988.8333333333235,508,15,0.02952755905511811,508,9,0.017716535433070866,508,6,0.011811023622047244,508,376,65,48,13
1988.9166666666567,500,12,0.024,500,8,0.016,500,4,0.008,500,383,61,46,6
1988.99999999999,501,8,0.015968063872255488,501,8,0.015968063872255488,501,0,0.0,501,384,65,39,7
1989.0833333333233,500,15,0.03,500,11,0.022,500,4,0.008,500,378,48,59,11
1989.1666666666565,502,18,0.035856573705179286,502,15,0.029880478087649404,502,3,0.00597609561752988,502,384,54,47,13
1989.2499999999898,500,26,0.052,500,23,0.046,500,3,0.006,500,418,41,32,7
1989.333333333323,503,20,0.039761431411530816,503,17,0.033797216699801194,503,3,0.005964214711729622,503,408,41,39,10
1989.4166666666563,507,17,0.03353057199211045,507,13,0.02564102564102564,507,4,0.007889546351084813,507,406,47,41,9
1989.4999999999895,501,11,0.021956087824351298,501,8,0.015968063872255488,501,3,0.005988023952095809,501,388,59,45,7
1989.5833333333228,502,20,0.0398406374501992,502,13,0.025896414342629483,502,7,0.013944223107569721,502,378,56,51,13
1989.666666666656,506,17,0.03359683794466403,506,9,0.017786561264822136,506,8,0.015810276679841896,506,369,75,48,11
1989.7499999999893,500,9,0.018,500,7,0.014,500,2,0.004,500,374,66,45,9
1989.8333333333226,502,18,0.035856573705179286,502,13,0.025896414342629483,502,5,0.0099601593625498,502,379,59,49,10
1989.9166666666558,500,14,0.028,500,13,0.026,500,1,0.002,500,364,74,46,15
1989.999999999989,500,15,0.03,500,14,0.028,500,1,0.002,500,385,50,42,14
1990.0833333333223,511,14,0.0273972602739726,511,8,0.015655577299412915,511,6,0.011741682974559686,511,384,53,58,14
1990.1666666666556,503,14,0.027833001988071572,503,11,0.02186878727634195,503,3,0.005964214711729622,503,379,63,45,14
1990.2499999999889,504,16,0.031746031746031744,504,12,0.023809523809523808,504,4,0.007936507936507936,504,393,54,44,12
1990.3333333333221,504,11,0.021825396825396824,504,9,0.017857142857142856,504,2,0.003968253968253968,504,387,51,60,5
1990.4166666666554,500,7,0.014,500,6,0.012,500,1,0.002,500,380,61,46,8
1990.4999999999886,500,11,0.022,500,7,0.014,500,4,0.008,500,390,53,46,9
1990.583333333322,500,27,0.054,500,24,0.048,500,3,0.006,500,415,39,36,8
1990.6666666666551,502,39,0.07768924302788845,502,36,0.07171314741035857,502,3,0.00597609561752988,502,424,29,34,14
1990.7499999999884,503,54,0.1073558648111332,503,54,0.1073558648111332,503,0,0.0,503,423,28,35,13
1990.8333333333217,501,35,0.06986027944111776,501,35,0.06986027944111776,501,0,0.0,501,391,33,49,24
1990.916666666655,504,33,0.06547619047619048,504,32,0.06349206349206349,504,1,0.001984126984126984,504,360,44,55,44
1990.9999999999882,531,22,0.04143126177024482,531,16,0.030131826741996232,531,6,0.011299435028248588,531,368,46,60,52
1991.0833333333214,504,16,0.031746031746031744,504,13,0.025793650793650792,504,3,0.005952380952380952,504,309,57,89,45
1991.1666666666547,504,14,0.027777777777777776,504,5,0.00992063492063492,504,9,0.017857142857142856,504,291,72,104,33
1991.249999999988,501,12,0.023952095808383235,501,5,0.00998003992015968,501,7,0.013972055888223553,501,313,66,84,37
1991.3333333333212,500,7,0.014,500,2,0.004,500,5,0.01,500,296,80,85,35
1991.4166666666545,501,10,0.01996007984031936,501,6,0.011976047904191617,501,4,0.007984031936127744,501,322,73,76,25
1991.4999999999877,502,4,0.00796812749003984,502,2,0.00398406374501992,502,2,0.00398406374501992,502,322,64,89,24
1991.583333333321,500,12,0.024,500,8,0.016,500,4,0.008,500,304,74,88,30
1991.6666666666542,500,5,0.01,500,2,0.004,500,3,0.006,500,309,78,83,26
1991.7499999999875,504,4,0.007936507936507936,504,1,0.001984126984126984,504,3,0.005952380952380952,504,314,74,80,29
1991.8333333333208,505,8,0.015841584158415842,505,5,0.009900990099009901,505,3,0.005940594059405941,505,286,74,101,40
1991.916666666654,501,4,0.007984031936127744,501,4,0.007984031936127744,501,0,0.0,501,248,79,111,58
1991.9999999999873,510,5,0.00980392156862745,510,3,0.0058823529411764705,510,2,0.00392156862745098,510,251,66,133,53
1992.0833333333205,501,4,0.007984031936127744,501,2,0.003992015968063872,501,2,0.003992015968063872,501,246,79,132,43
1992.1666666666538,507,3,0.005917159763313609,507,1,0.0019723865877712033,507,2,0.0039447731755424065,507,251,80,137,34
1992.249999999987,501,6,0.011976047904191617,501,5,0.00998003992015968,501,1,0.001996007984031936,501,282,77,107,33
1992.3333333333203,500,3,0.006,500,2,0.004,500,1,0.002,500,265,93,99,36
1992.4166666666536,500,2,0.004,500,1,0.002,500,1,0.002,500,303,84,81,27
1992.4999999999868,507,5,0.009861932938856016,507,1,0.0019723865877712033,507,4,0.007889546351084813,507,294,78,105,26
1992.58333333332,501,4,0.007984031936127744,501,4,0.007984031936127744,501,0,0.0,501,260,106,103,29
1992.6666666666533,505,9,0.01782178217821782,505,8,0.015841584158415842,505,1,0.0019801980198019802,505,301,71,107,24
1992.7499999999866,500,2,0.004,500,2,0.004,500,0,0.0,500,284,66,118,26
1992.8333333333198,504,12,0.023809523809523808,504,9,0.017857142857142856,504,3,0.005952380952380952,504,291,91,106,14
1992.916666666653,504,1,0.001984126984126984,504,1,0.001984126984126984,504,0,0.0,504,257,92,126,20
1992.9999999999864,501,2,0.003992015968063872,501,2,0.003992015968063872,501,0,0.0,501,298,74,105,20
1993.0833333333196,503,5,0.009940357852882704,503,2,0.003976143141153081,503,3,0.005964214711729622,503,278,98,102,23
1993.1666666666529,508,8,0.015748031496062992,508,6,0.011811023622047244,508,2,0.003937007874015748,508,319,79,95,14
1993.2499999999861,501,9,0.017964071856287425,501,5,0.00998003992015968,501,4,0.007984031936127744,501,304,78,85,26
1993.3333333333194,506,6,0.011857707509881422,506,5,0.009881422924901186,506,1,0.001976284584980237,506,325,82,78,19
1993.4166666666526,500,8,0.016,500,5,0.01,500,3,0.006,500,318,88,73,12
1993.499999999986,502,9,0.017928286852589643,502,6,0.01195219123505976,502,3,0.00597609561752988,502,314,77,89,13
1993.5833333333192,511,7,0.0136986301369863,511,3,0.005870841487279843,511,4,0.007827788649706457,511,348,64,71,22
1993.6666666666524,500,5,0.01,500,4,0.008,500,1,0.002,500,300,87,87,16
1993.7499999999857,504,8,0.015873015873015872,504,5,0.00992063492063492,504,3,0.005952380952380952,504,325,72,86,19
1993.833333333319,512,4,0.0078125,512,1,0.001953125,512,3,0.005859375,512,315,88,88,13
1993.9166666666522,510,7,0.013725490196078431,510,3,0.0058823529411764705,510,4,0.00784313725490196,510,303,84,100,17
1993.9999999999854,503,3,0.005964214711729622,503,0,0.0,503,3,0.005964214711729622,503,289,84,104,17
1994.0833333333187,504,5,0.00992063492063492,504,2,0.003968253968253968,504,3,0.005952380952380952,504,294,91,98,14
1994.166666666652,508,4,0.007874015748031496,508,3,0.005905511811023622,508,1,0.001968503937007874,508,341,76,79,9
1994.2499999999852,501,6,0.011976047904191617,501,2,0.003992015968063872,501,4,0.007984031936127744,501,328,88,75,10
1994.3333333333185,500,5,0.01,500,1,0.002,500,4,0.008,500,313,85,89,9
1994.4166666666517,508,5,0.00984251968503937,508,3,0.005905511811023622,508,2,0.003937007874015748,508,320,71,98,12
1994.499999999985,529,3,0.005671077504725898,529,3,0.005671077504725898,529,0,0.0,529,350,69,90,18
1994.5833333333183,505,3,0.005940594059405941,505,2,0.0039603960396039604,505,1,0.0019801980198019802,505,344,78,74,6
1994.6666666666515,507,8,0.015779092702169626,507,6,0.011834319526627219,507,2,0.0039447731755424065,507,372,66,60,6
1994.7499999999848,501,7,0.013972055888223553,501,6,0.011976047904191617,501,1,0.001996007984031936,501,345,68,74,10
1994.833333333318,500,7,0.014,500,3,0.006,500,4,0.008,500,337,73,70,11
1994.9166666666513,503,6,0.011928429423459244,503,5,0.009940357852882704,503,1,0.0019880715705765406,503,344,67,72,14
1994.9999999999845,507,4,0.007889546351084813,507,3,0.005917159763313609,507,1,0.0019723865877712033,507,341,76,75,10
1995.0833333333178,502,2,0.00398406374501992,502,0,0.0,502,2,0.00398406374501992,502,331,84,71,8
1995.166666666651,501,5,0.00998003992015968,501,3,0.005988023952095809,501,2,0.003992015968063872,501,354,64,71,10
1995.2499999999843,500,4,0.008,500,3,0.006,500,1,0.002,500,351,67,75,5
1995.3333333333176,502,13,0.025896414342629483,502,7,0.013944223107569721,502,6,0.01195219123505976,502,342,80,65,12
1995.4166666666508,501,6,0.011976047904191617,501,6,0.011976047904191617,501,0,0.0,501,320,86,82,12
1995.499999999984,504,4,0.007936507936507936,504,3,0.005952380952380952,504,1,0.001984126984126984,504,324,90,80,9
1995.5833333333173,500,6,0.012,500,4,0.008,500,2,0.004,500,328,75,80,15
1995.6666666666506,500,8,0.016,500,3,0.006,500,5,0.01,500,331,82,77,6
1995.7499999999839,506,10,0.019762845849802372,506,3,0.005928853754940711,506,7,0.01383399209486166,506,340,85,75,4
1995.8333333333171,501,6,0.011976047904191617,501,5,0.00998003992015968,501,1,0.001996007984031936,501,330,76,74,17
1995.9166666666504,500,3,0.006,500,1,0.002,500,2,0.004,500,315,80,85,16
1995.9999999999836,500,5,0.01,500,3,0.006,500,2,0.004,500,312,88,74,22
1996.083333333317,504,4,0.007936507936507936,504,3,0.005952380952380952,504,1,0.001984126984126984,504,301,90,91,19
1996.1666666666501,501,3,0.005988023952095809,501,2,0.003992015968063872,501,1,0.001996007984031936,501,318,89,81,11
1996.2499999999834,500,9,0.018,500,5,0.01,500,4,0.008,500,379,59,51,8
1996.3333333333167,500,26,0.052,500,23,0.046,500,3,0.006,500,365,57,61,14
1996.41666666665,500,13,0.026,500,10,0.02,500,3,0.006,500,354,60,66,17
1996.4999999999832,501,7,0.013972055888223553,501,7,0.013972055888223553,501,0,0.0,501,331,85,72,9
1996.5833333333164,500,3,0.006,500,3,0.006,500,0,0.0,500,348,79,59,9
1996.6666666666497,500,5,0.01,500,2,0.004,500,3,0.006,500,383,59,45,9
1996.749999999983,500,2,0.004,500,1,0.002,500,1,0.002,500,363,66,59,9
1996.8333333333162,501,11,0.021956087824351298,501,6,0.011976047904191617,501,5,0.00998003992015968,501,364,59,67,8
1996.9166666666495,501,6,0.011976047904191617,501,4,0.007984031936127744,501,2,0.003992015968063872,501,362,75,56,7
1996.9999999999827,500,6,0.012,500,4,0.008,500,2,0.004,500,378,64,49,6
1997.083333333316,500,7,0.014,500,2,0.004,500,5,0.01,500,364,61,62,5
1997.1666666666492,501,8,0.015968063872255488,501,6,0.011976047904191617,501,2,0.003992015968063872,501,352,71,69,8
1997.2499999999825,500,4,0.008,500,3,0.006,500,1,0.002,500,370,60,60,7
1997.3333333333157,500,2,0.004,500,1,0.002,500,1,0.002,500,379,66,45,9
1997.416666666649,501,8,0.015968063872255488,501,3,0.005988023952095809,501,5,0.00998003992015968,501,370,64,56,8
1997.4999999999823,500,10,0.02,500,2,0.004,500,8,0.016,500,341,73,67,11
1997.5833333333155,500,10,0.02,500,2,0.004,500,8,0.016,500,363,58,64,6
1997.6666666666488,500,11,0.022,500,3,0.006,500,8,0.016,500,374,56,59,5
1997.749999999982,500,11,0.022,500,6,0.012,500,5,0.01,500,349,58,78,11
1997.8333333333153,500,1,0.002,500,0,0.0,500,1,0.002,500,343,80,65,9
1997.9166666666486,500,2,0.004,500,1,0.002,500,1,0.002,500,343,53,92,10
1997.9999999999818,500,7,0.014,500,6,0.012,500,1,0.002,500,308,52,110,25
1998.083333333315,496,1,0.0020161290322580645,496,1,0.0020161290322580645,496,0,0.0,496,312,51,102,22
1998.1666666666483,503,2,0.003976143141153081,503,2,0.003976143141153081,503,0,0.0,503,306,70,103,17
1998.2499999999816,500,4,0.008,500,2,0.004,500,2,0.004,500,318,60,100,13
1998.3333333333148,500,5,0.01,500,3,0.006,500,2,0.004,500,344,65,78,8
1998.416666666648,500,5,0.01,500,2,0.004,500,3,0.006,500,348,62,73,10
1998.4999999999814,500,7,0.014,500,2,0.004,500,5,0.01,500,322,75,83,10
1998.5833333333146,500,6,0.012,500,2,0.004,500,4,0.008,500,318,78,81,14
1998.6666666666479,508,4,0.007874015748031496,508,4,0.007874015748031496,508,0,0.0,508,287,84,102,23
1998.7499999999811,500,1,0.002,500,0,0.0,500,1,0.002,500,272,96,103,20
1998.8333333333144,503,4,0.007952286282306162,503,4,0.007952286282306162,503,0,0.0,503,288,80,109,24
1998.9166666666476,501,3,0.005988023952095809,501,2,0.003992015968063872,501,1,0.001996007984031936,501,298,83,93,22
1998.999999999981,497,3,0.006036217303822937,497,2,0.004024144869215292,497,1,0.002012072434607646,497,297,93,86,17
1999.0833333333142,500,2,0.004,500,0,0.0,500,2,0.004,500,322,75,86,10
1999.1666666666474,500,6,0.012,500,3,0.006,500,3,0.006,500,319,83,71,18
1999.2499999999807,500,4,0.008,500,2,0.004,500,2,0.004,500,343,91,60,6
1999.333333333314,500,11,0.022,500,8,0.016,500,3,0.006,500,339,73,75,8
1999.4166666666472,500,5,0.01,500,3,0.006,500,2,0.004,500,332,76,77,11
1999.4999999999804,500,7,0.014,500,5,0.01,500,2,0.004,500,315,83,83,12
1999.5833333333137,501,8,0.015968063872255488,501,4,0.007984031936127744,501,4,0.007984031936127744,501,361,64,63,6
1999.666666666647,500,7,0.014,500,7,0.014,500,0,0.0,500,352,75,56,11
1999.7499999999802,500,7,0.014,500,6,0.012,500,1,0.002,500,362,69,58,2
1999.8333333333135,492,9,0.018292682926829267,492,4,0.008130081300813009,492,5,0.01016260162601626,492,352,54,67,13
1999.9166666666467,505,6,0.011881188118811881,505,4,0.007920792079207921,505,2,0.0039603960396039604,505,355,72,61,10
1999.99999999998,506,2,0.003952569169960474,506,1,0.001976284584980237,506,1,0.001976284584980237,506,344,69,75,12
2000.0833333333132,503,12,0.02385685884691849,503,10,0.019880715705765408,503,2,0.003976143141153081,503,361,71,57,6
2000.1666666666465,500,49,0.098,500,48,0.096,500,1,0.002,500,399,53,37,4
2000.2499999999798,502,29,0.05776892430278884,502,27,0.053784860557768925,502,2,0.00398406374501992,502,380,63,51,5
2000.333333333313,501,20,0.03992015968063872,501,18,0.03592814371257485,501,2,0.003992015968063872,501,360,77,56,7
2000.4166666666463,500,29,0.058,500,26,0.052,500,3,0.006,500,363,71,53,10
2000.4999999999795,502,27,0.053784860557768925,502,25,0.049800796812749,502,2,0.00398406374501992,502,387,47,54,9
2000.5833333333128,505,24,0.047524752475247525,505,23,0.04554455445544554,505,1,0.0019801980198019802,505,353,58,75,11
2000.666666666646,501,36,0.0718562874251497,501,33,0.0658682634730539,501,3,0.005988023952095809,501,373,55,59,10
2000.7499999999793,500,47,0.094,500,47,0.094,500,0,0.0,500,374,59,50,10
2000.8333333333126,500,34,0.068,500,32,0.064,500,2,0.004,500,363,53,64,8
2000.9166666666458,500,11,0.022,500,10,0.02,500,1,0.002,500,331,67,76,17
2000.999999999979,500,17,0.034,500,16,0.032,500,1,0.002,500,338,63,73,18
2001.0833333333123,501,11,0.021956087824351298,501,11,0.021956087824351298,501,0,0.0,501,303,50,107,32
2001.1666666666456,500,14,0.028,500,14,0.028,500,0,0.0,500,300,72,98,24
2001.2499999999789,500,15,0.03,500,15,0.03,500,0,0.0,500,328,56,86,25
2001.333333333312,501,28,0.05588822355289421,501,27,0.05389221556886228,501,1,0.001996007984031936,501,364,51,56,22
2001.4166666666454,500,25,0.05,500,24,0.048,500,1,0.002,500,352,57,64,20
2001.4999999999786,501,8,0.015968063872255488,501,6,0.011976047904191617,501,2,0.003992015968063872,501,282,74,113,25
2001.5833333333119,500,11,0.022,500,7,0.014,500,4,0.008,500,288,66,107,33
2001.6666666666451,500,5,0.01,500,4,0.008,500,1,0.002,500,283,69,94,40
2001.7499999999784,506,4,0.007905138339920948,506,2,0.003952569169960474,506,2,0.003952569169960474,506,204,51,151,83
2001.8333333333117,504,4,0.007936507936507936,504,3,0.005952380952380952,504,1,0.001984126984126984,504,183,43,167,95
2001.916666666645,500,5,0.01,500,1,0.002,500,4,0.008,500,230,62,119,74
2001.9999999999782,500,2,0.004,500,1,0.002,500,1,0.002,500,223,83,139,41
2002.0833333333114,500,4,0.008,500,1,0.002,500,3,0.006,500,230,91,144,28
2002.1666666666447,500,9,0.018,500,7,0.014,500,2,0.004,500,285,68,116,16
2002.249999999978,502,16,0.03187250996015936,502,15,0.029880478087649404,502,1,0.00199203187250996,502,324,68,84,15
2002.3333333333112,500,9,0.018,500,9,0.018,500,0,0.0,500,294,76,96,18
2002.4166666666445,501,3,0.005988023952095809,501,3,0.005988023952095809,501,0,0.0,501,283,78,108,18
2002.4999999999777,501,5,0.00998003992015968,501,3,0.005988023952095809,501,2,0.003992015968063872,501,276,81,116,22
2002.583333333311,500,8,0.016,500,4,0.008,500,4,0.008,500,278,66,118,29
2002.6666666666442,501,3,0.005988023952095809,501,2,0.003992015968063872,501,1,0.001996007984031936,501,296,60,115,20
2002.7499999999775,502,4,0.00796812749003984,502,4,0.00796812749003984,502,0,0.0,502,290,58,116,24
2002.8333333333107,504,1,0.001984126984126984,504,0,0.0,504,1,0.001984126984126984,504,266,68,139,25
2002.916666666644,500,5,0.01,500,4,0.008,500,1,0.002,500,255,67,134,33
2002.9999999999773,501,8,0.015968063872255488,501,5,0.00998003992015968,501,3,0.005988023952095809,501,282,65,120,27
2003.0833333333105,501,11,0.021956087824351298,501,11,0.021956087824351298,501,0,0.0,501,322,58,87,24
2003.1666666666438,504,19,0.037698412698412696,504,18,0.03571428571428571,504,1,0.001984126984126984,504,354,50,75,17
2003.249999999977,500,10,0.02,500,5,0.01,500,5,0.01,500,278,70,114,34
2003.3333333333103,500,8,0.016,500,6,0.012,500,2,0.004,500,256,80,137,22
2003.4166666666436,500,6,0.012,500,4,0.008,500,2,0.004,500,256,62,139,34
2003.4999999999768,502,6,0.01195219123505976,502,5,0.0099601593625498,502,1,0.00199203187250996,502,253,72,137,32
2003.58333333331,501,6,0.011976047904191617,501,4,0.007984031936127744,501,2,0.003992015968063872,501,293,74,105,22
2003.6666666666433,500,12,0.024,500,11,0.022,500,1,0.002,500,319,69,98,9
2003.7499999999766,500,4,0.008,500,4,0.008,500,0,0.0,500,294,72,105,24
2003.8333333333098,505,5,0.009900990099009901,505,5,0.009900990099009901,505,0,0.0,505,300,78,109,12
2003.916666666643,500,4,0.008,500,2,0.004,500,2,0.004,500,302,74,102,18
2003.9999999999764,509,4,0.007858546168958742,509,2,0.003929273084479371,509,2,0.003929273084479371,509,313,76,92,23
2004.0833333333096,500,5,0.01,500,4,0.008,500,1,0.002,500,304,64,114,16
2004.1666666666429,501,8,0.015968063872255488,501,6,0.011976047904191617,501,2,0.003992015968063872,501,327,75,82,13
2004.2499999999761,500,23,0.046,500,23,0.046,500,0,0.0,500,364,65,60,7
2004.3333333333094,500,43,0.086,500,42,0.084,500,1,0.002,500,397,43,45,12
2004.4166666666426,514,40,0.07782101167315175,514,40,0.07782101167315175,514,0,0.0,514,387,53,63,8
2004.499999999976,509,25,0.04911591355599214,509,22,0.043222003929273084,509,3,0.005893909626719057,509,369,69,56,10
2004.5833333333092,502,19,0.037848605577689244,502,17,0.03386454183266932,502,2,0.00398406374501992,502,357,52,70,19
2004.6666666666424,500,13,0.026,500,11,0.022,500,2,0.004,500,348,79,60,9
2004.7499999999757,502,29,0.05776892430278884,502,28,0.055776892430278883,502,1,0.00199203187250996,502,382,56,50,10
2004.833333333309,502,26,0.05179282868525897,502,23,0.045816733067729085,502,3,0.00597609561752988,502,354,65,70,11
2004.9166666666422,501,19,0.03792415169660679,501,17,0.033932135728542916,501,2,0.003992015968063872,501,357,72,60,11
2004.9999999999754,494,12,0.024291497975708502,494,8,0.016194331983805668,494,4,0.008097165991902834,494,365,53,68,7
2005.0833333333087,497,12,0.02414486921529175,497,10,0.02012072434607646,497,2,0.004024144869215292,497,365,68,58,5
2005.166666666642,496,31,0.0625,496,30,0.06048387096774194,496,1,0.0020161290322580645,496,394,46,46,7
2005.2499999999752,499,65,0.13026052104208416,499,65,0.13026052104208416,499,0,0.0,499,417,30,44,6
2005.3333333333085,502,55,0.10956175298804781,502,54,0.10756972111553785,502,1,0.00199203187250996,502,400,54,38,9
2005.4166666666417,501,46,0.09181636726546906,501,40,0.07984031936127745,501,6,0.011976047904191617,501,394,59,41,6
2005.499999999975,506,45,0.08893280632411067,506,42,0.08300395256916997,506,3,0.005928853754940711,506,395,47,56,7
2005.5833333333082,505,50,0.09900990099009901,505,50,0.09900990099009901,505,0,0.0,505,402,46,38,15
2005.6666666666415,513,116,0.22612085769980506,513,115,0.22417153996101363,513,1,0.001949317738791423,513,431,40,30,10
2005.7499999999748,510,115,0.22549019607843138,510,114,0.2235294117647059,510,1,0.00196078431372549,510,426,36,35,12
2005.833333333308,503,77,0.15308151093439365,503,74,0.147117296222664,503,3,0.005964214711729622,503,377,56,54,15
2005.9166666666413,503,51,0.10139165009940358,503,40,0.07952286282306163,503,11,0.02186878727634195,503,364,63,55,20
2005.9999999999745,500,38,0.076,500,35,0.07,500,3,0.006,500,376,55,54,11
2006.0833333333078,500,31,0.062,500,26,0.052,500,5,0.01,500,375,59,54,8
2006.166666666641,496,25,0.05040322580645161,496,24,0.04838709677419355,496,1,0.0020161290322580645,496,382,47,61,5
2006.2499999999743,498,52,0.10441767068273092,498,52,0.10441767068273092,498,0,0.0,498,426,29,29,10
2006.3333333333076,497,102,0.2052313883299799,497,102,0.2052313883299799,497,0,0.0,497,417,39,31,8
2006.4166666666408,510,57,0.11176470588235295,510,55,0.10784313725490197,510,2,0.00392156862745098,510,415,47,38,8
2006.499999999974,500,55,0.11,500,52,0.104,500,3,0.006,500,406,38,51,4
2006.5833333333073,501,75,0.1497005988023952,501,71,0.14171656686626746,501,4,0.007984031936127744,501,410,45,35,11
2006.6666666666406,507,60,0.11834319526627218,507,38,0.07495069033530571,507,22,0.04339250493096647,507,361,60,62,16
2006.7499999999739,504,53,0.10515873015873016,504,20,0.03968253968253968,504,33,0.06547619047619048,504,334,77,80,8
2006.833333333307,492,46,0.09349593495934959,492,18,0.036585365853658534,492,28,0.056910569105691054,492,340,64,68,15
2006.9166666666404,510,39,0.07647058823529412,510,20,0.0392156862745098,510,19,0.03725490196078431,510,351,73,71,13
2006.9999999999736,505,34,0.06732673267326733,505,19,0.03762376237623762,505,15,0.0297029702970297,505,359,71,66,7
2007.0833333333069,508,23,0.045275590551181105,508,11,0.021653543307086614,508,12,0.023622047244094488,508,388,70,42,6
2007.1666666666401,503,28,0.055666003976143144,503,26,0.05168986083499006,503,2,0.003976143141153081,503,388,57,47,9
2007.2499999999734,508,37,0.07283464566929133,508,37,0.07283464566929133,508,0,0.0,508,395,57,44,11
2007.3333333333067,500,49,0.098,500,48,0.096,500,1,0.002,500,421,35,31,9
2007.41666666664,502,48,0.09561752988047809,502,45,0.08964143426294821,502,3,0.00597609561752988,502,413,45,34,10
2007.4999999999732,507,38,0.07495069033530571,507,35,0.06903353057199212,507,3,0.005917159763313609,507,408,44,43,10
2007.5833333333064,505,24,0.047524752475247525,505,21,0.041584158415841586,505,3,0.005940594059405941,505,404,34,46,16
2007.6666666666397,504,19,0.037698412698412696,504,18,0.03571428571428571,504,1,0.001984126984126984,504,364,61,62,15
2007.749999999973,500,16,0.032,500,13,0.026,500,3,0.006,500,380,62,39,14
2007.8333333333062,501,40,0.07984031936127745,501,40,0.07984031936127745,501,0,0.0,501,415,34,33,14
2007.9166666666395,502,44,0.08764940239043825,502,43,0.08565737051792828,502,1,0.00199203187250996,502,394,39,45,20
2007.9999999999727,504,49,0.09722222222222222,504,47,0.09325396825396826,504,2,0.003968253968253968,504,388,43,51,19
2008.083333333306,500,25,0.05,500,25,0.05,500,0,0.0,500,366,48,55,27
2008.1666666666392,504,58,0.11507936507936507,504,58,0.11507936507936507,504,0,0.0,504,434,20,31,17
2008.2499999999725,505,52,0.10297029702970296,505,50,0.09900990099009901,505,2,0.0039603960396039604,505,430,27,21,24
2008.3333333333057,504,102,0.20238095238095238,504,101,0.2003968253968254,504,1,0.001984126984126984,504,460,13,19,11
2008.416666666639,505,134,0.26534653465346536,505,133,0.2633663366336634,505,1,0.0019801980198019802,505,438,18,24,19
2008.4999999999723,506,97,0.191699604743083,506,96,0.18972332015810275,506,1,0.001976284584980237,506,441,19,27,16
2008.5833333333055,502,77,0.15338645418326693,502,72,0.14342629482071714,502,5,0.0099601593625498,502,385,39,50,21
2008.6666666666388,497,65,0.13078470824949698,497,55,0.11066398390342053,497,10,0.02012072434607646,497,354,43,74,24
2008.749999999972,508,22,0.04330708661417323,508,20,0.03937007874015748,508,2,0.003937007874015748,508,334,46,89,35
2008.8333333333053,500,21,0.042,500,14,0.028,500,7,0.014,500,236,57,108,89
2008.9166666666385,509,16,0.03143418467583497,509,3,0.005893909626719057,509,13,0.025540275049115914,509,201,58,128,119
2008.9999999999718,504,11,0.021825396825396824,504,6,0.011904761904761904,504,5,0.00992063492063492,504,217,63,137,79
2009.083333333305,500,6,0.012,500,5,0.01,500,1,0.002,500,213,47,137,98
2009.1666666666383,509,2,0.003929273084479371,509,1,0.0019646365422396855,509,1,0.0019646365422396855,509,237,48,134,83
2009.2499999999716,501,6,0.011976047904191617,501,2,0.003992015968063872,501,4,0.007984031936127744,501,245,63,133,51
2009.3333333333048,510,5,0.00980392156862745,510,3,0.0058823529411764705,510,2,0.00392156862745098,510,269,53,135,45
2009.416666666638,508,5,0.00984251968503937,508,4,0.007874015748031496,508,1,0.001968503937007874,508,313,61,95,36
2009.4999999999714,505,14,0.027722772277227723,505,11,0.02178217821782178,505,3,0.005940594059405941,505,286,70,101,41
2009.5833333333046,506,4,0.007905138339920948,506,2,0.003952569169960474,506,2,0.003952569169960474,506,274,57,129,41
2009.6666666666379,504,6,0.011904761904761904,504,2,0.003968253968253968,504,4,0.007936507936507936,504,260,61,143,35
2009.7499999999711,497,7,0.014084507042253521,497,3,0.006036217303822937,497,4,0.008048289738430584,497,289,58,106,37
2009.8333333333044,508,9,0.017716535433070866,508,6,0.011811023622047244,508,3,0.005905511811023622,508,282,62,121,40
2009.9166666666376,502,7,0.013944223107569721,502,4,0.00796812749003984,502,3,0.00597609561752988,502,268,61,129,37
2009.999999999971,503,4,0.007952286282306162,503,2,0.003976143141153081,503,2,0.003976143141153081,503,303,58,113,26
2010.0833333333042,502,3,0.00597609561752988,502,1,0.00199203187250996,502,2,0.00398406374501992,502,298,60,125,16
2010.1666666666374,505,8,0.015841584158415842,505,8,0.015841584158415842,505,0,0.0,505,319,57,108,15
2010.2499999999707,506,8,0.015810276679841896,506,5,0.009881422924901186,506,3,0.005928853754940711,506,344,62,82,16
2010.333333333304,509,9,0.01768172888015717,509,5,0.009823182711198428,509,4,0.007858546168958742,509,358,48,89,13
2010.4166666666372,501,6,0.011976047904191617,501,5,0.00998003992015968,501,1,0.001996007984031936,501,313,66,102,18
2010.4999999999704,503,6,0.011928429423459244,503,5,0.009940357852882704,503,1,0.0019880715705765406,503,304,61,108,25
2010.5833333333037,513,5,0.009746588693957114,513,2,0.003898635477582846,513,3,0.005847953216374269,513,303,73,109,25
2010.666666666637,500,2,0.004,500,2,0.004,500,0,0.0,500,276,70,127,24
2010.7499999999702,509,7,0.0137524557956778,509,6,0.011787819253438114,509,1,0.0019646365422396855,509,310,55,121,20
2010.8333333333035,508,4,0.007874015748031496,508,3,0.005905511811023622,508,1,0.001968503937007874,508,333,60,95,15
2010.9166666666367,508,3,0.005905511811023622,508,1,0.001968503937007874,508,2,0.003937007874015748,508,333,56,93,22
2010.99999999997,505,17,0.033663366336633666,505,17,0.033663366336633666,505,0,0.0,505,400,32,53,18
2011.0833333333032,504,8,0.015873015873015872,504,8,0.015873015873015872,504,0,0.0,504,399,37,56,9
2011.1666666666365,504,45,0.08928571428571429,504,44,0.0873015873015873,504,1,0.001984126984126984,504,436,34,22,10
2011.2499999999698,502,38,0.07569721115537849,502,38,0.07569721115537849,502,0,0.0,502,439,22,33,5
2011.333333333303,502,60,0.11952191235059761,502,57,0.11354581673306773,502,3,0.00597609561752988,502,431,21,35,10
2011.4166666666363,504,22,0.04365079365079365,504,18,0.03571428571428571,504,4,0.007936507936507936,504,380,49,55,17
2011.4999999999695,480,13,0.027083333333333334,480,11,0.022916666666666665,480,2,0.004166666666666667,480,367,50,50,11
2011.5833333333028,506,10,0.019762845849802372,506,10,0.019762845849802372,506,0,0.0,506,384,48,59,14
2011.666666666636,506,11,0.021739130434782608,506,11,0.021739130434782608,506,0,0.0,506,385,47,58,11
2011.7499999999693,502,8,0.01593625498007968,502,7,0.013944223107569721,502,1,0.00199203187250996,502,376,52,58,13
2011.8333333333026,502,11,0.021912350597609563,502,10,0.0199203187250996,502,1,0.00199203187250996,502,382,40,73,4
2011.9166666666358,496,5,0.010080645161290322,496,5,0.010080645161290322,496,0,0.0,496,357,46,76,13
2011.999999999969,501,10,0.01996007984031936,501,9,0.017964071856287425,501,1,0.001996007984031936,501,384,47,58,9
2012.0833333333023,501,17,0.033932135728542916,501,16,0.031936127744510975,501,1,0.001996007984031936,501,368,62,62,5
2012.1666666666356,505,32,0.06336633663366337,505,31,0.061386138613861385,505,1,0.0019801980198019802,505,409,40,47,7
2012.2499999999688,505,36,0.07128712871287128,505,34,0.06732673267326733,505,2,0.0039603960396039604,505,389,48,52,13
2012.333333333302,501,23,0.04590818363273453,501,14,0.027944111776447105,501,9,0.017964071856287425,501,354,53,71,15
2012.4166666666354,495,9,0.01818181818181818,495,6,0.012121212121212121,495,3,0.006060606060606061,495,348,48,81,16
2012.4999999999686,510,20,0.0392156862745098,510,15,0.029411764705882353,510,5,0.00980392156862745,510,355,58,84,11
2012.5833333333019,510,13,0.025490196078431372,510,11,0.021568627450980392,510,2,0.00392156862745098,510,411,38,46,12
2012.6666666666351,511,10,0.019569471624266144,511,9,0.01761252446183953,511,1,0.0019569471624266144,511,397,50,50,12
2012.7499999999684,512,6,0.01171875,512,4,0.0078125,512,2,0.00390625,512,381,51,57,9
2012.8333333333017,501,15,0.029940119760479042,501,12,0.023952095808383235,501,3,0.005988023952095809,501,348,50,73,18
2012.916666666635,502,8,0.01593625498007968,502,3,0.00597609561752988,502,5,0.0099601593625498,502,362,58,66,14
2012.9999999999682,502,7,0.013944223107569721,502,6,0.01195219123505976,502,1,0.00199203187250996,502,394,53,49,3
2013.0833333333014,499,8,0.01603206412825651,499,8,0.01603206412825651,499,0,0.0,499,407,32,48,11
2013.1666666666347,501,9,0.017964071856287425,501,7,0.013972055888223553,501,2,0.003992015968063872,501,396,43,49,10
2013.249999999968,505,5,0.009900990099009901,505,4,0.007920792079207921,505,1,0.0019801980198019802,505,392,47,55,8
2013.3333333333012,504,9,0.017857142857142856,504,7,0.013888888888888888,504,2,0.003968253968253968,504,378,52,61,8
2013.4166666666345,502,7,0.013944223107569721,502,5,0.0099601593625498,502,2,0.00398406374501992,502,372,52,69,6
2013.4999999999677,505,7,0.013861386138613862,505,5,0.009900990099009901,505,2,0.0039603960396039604,505,387,59,52,4
2013.583333333301,505,10,0.019801980198019802,505,7,0.013861386138613862,505,3,0.005940594059405941,505,397,37,63,3
2013.6666666666342,503,6,0.011928429423459244,503,5,0.009940357852882704,503,1,0.0019880715705765406,503,401,37,54,10
2013.7499999999675,502,5,0.0099601593625498,502,2,0.00398406374501992,502,3,0.00597609561752988,502,374,56,55,14
2013.8333333333007,504,9,0.017857142857142856,504,6,0.011904761904761904,504,3,0.005952380952380952,504,385,51,50,14
2013.916666666634,504,8,0.015873015873015872,504,6,0.011904761904761904,504,2,0.003968253968253968,504,380,56,53,12
2013.9999999999673,505,8,0.015841584158415842,505,6,0.011881188118811881,505,2,0.0039603960396039604,505,387,65,44,5
2014.0833333333005,506,3,0.005928853754940711,506,3,0.005928853754940711,506,0,0.0,506,421,34,41,6
2014.1666666666338,504,8,0.015873015873015872,504,7,0.013888888888888888,504,1,0.001984126984126984,504,418,38,44,3
2014.249999999967,506,10,0.019762845849802372,506,7,0.01383399209486166,506,3,0.005928853754940711,506,417,37,40,6
2014.3333333333003,503,9,0.017892644135188866,503,9,0.017892644135188866,503,0,0.0,503,433,28,39,3
2014.4166666666335,506,10,0.019762845849802372,506,9,0.017786561264822136,506,1,0.001976284584980237,506,420,30,46,6
2014.4999999999668,502,17,0.03386454183266932,502,15,0.029880478087649404,502,2,0.00398406374501992,502,434,36,25,4
2014.5833333333,500,9,0.018,500,7,0.014,500,2,0.004,500,402,44,41,11
2014.6666666666333,509,14,0.0275049115913556,509,13,0.025540275049115914,509,1,0.0019646365422396855,509,427,30,41,6
2014.7499999999666,502,14,0.027888446215139442,502,4,0.00796812749003984,502,10,0.0199203187250996,502,380,50,57,13
2014.8333333332998,501,23,0.04590818363273453,501,5,0.00998003992015968,501,18,0.03592814371257485,501,359,63,53,23
2014.916666666633,503,51,0.10139165009940358,503,7,0.013916500994035786,503,44,0.0874751491053678,503,338,75,63,25
2014.9999999999663,506,83,0.16403162055335968,506,17,0.03359683794466403,506,66,0.13043478260869565,506,329,72,67,35
2015.0833333332996,505,64,0.12673267326732673,505,11,0.02178217821782178,505,53,0.10495049504950495,505,345,67,70,20
2015.1666666666329,503,41,0.08151093439363817,503,18,0.03578528827037773,503,23,0.04572564612326044,503,360,82,53,8
2015.2499999999661,500,37,0.074,500,12,0.024,500,25,0.05,500,359,66,64,9
2015.3333333332994,503,34,0.06759443339960239,503,15,0.02982107355864811,503,19,0.03777335984095427,503,363,63,62,12
2015.4166666666326,506,15,0.029644268774703556,506,7,0.01383399209486166,506,8,0.015810276679841896,506,389,58,49,8
2015.499999999966,501,20,0.03992015968063872,501,13,0.02594810379241517,501,7,0.013972055888223553,501,374,65,56,4
2015.5833333332992,564,23,0.040780141843971635,564,8,0.014184397163120567,564,15,0.026595744680851064,564,416,64,64,15
2015.6666666666324,500,25,0.05,500,14,0.028,500,11,0.022,500,353,72,54,20
2015.7499999999657,503,25,0.04970178926441352,503,7,0.013916500994035786,503,18,0.03578528827037773,503,351,73,65,10
2015.833333333299,508,20,0.03937007874015748,508,9,0.017716535433070866,508,11,0.021653543307086614,508,341,81,73,12
2015.9166666666322,508,30,0.05905511811023622,508,13,0.025590551181102362,508,17,0.03346456692913386,508,340,75,73,17
2015.9999999999654,503,39,0.0775347912524851,503,16,0.03180914512922465,503,23,0.04572564612326044,503,318,87,74,23
2016.0833333332987,505,54,0.10693069306930693,505,20,0.039603960396039604,505,34,0.06732673267326733,505,313,73,100,19
2016.166666666632,545,40,0.07339449541284404,545,26,0.047706422018348627,545,14,0.025688073394495414,545,373,75,84,10
2016.2499999999652,528,30,0.056818181818181816,528,13,0.02462121212121212,528,17,0.032196969696969696,528,381,66,72,9
2016.3333333332985,547,30,0.054844606946983544,547,17,0.031078610603290677,547,13,0.02376599634369287,547,379,73,86,6
2016.4166666666317,510,19,0.03725490196078431,510,7,0.013725490196078431,510,12,0.023529411764705882,510,364,75,58,6
2016.499999999965,538,14,0.026022304832713755,538,6,0.011152416356877323,538,8,0.01486988847583643,538,367,84,68,16
2016.5833333332982,550,14,0.025454545454545455,550,9,0.016363636363636365,550,5,0.00909090909090909,550,348,91,86,21
2016.6666666666315,580,9,0.015517241379310345,580,8,0.013793103448275862,580,1,0.0017241379310344827,580,383,100,81,12
2016.7499999999648,575,11,0.019130434782608695,575,6,0.010434782608695653,575,5,0.008695652173913044,575,406,90,63,13
2016.833333333298,610,10,0.01639344262295082,610,8,0.013114754098360656,610,2,0.003278688524590164,610,413,91,90,14
2016.9166666666313,602,7,0.011627906976744186,602,2,0.0033222591362126247,602,5,0.008305647840531562,602,366,106,108,17
2016.9999999999645,601,11,0.018302828618968387,601,5,0.008319467554076539,601,6,0.009983361064891847,601,389,100,86,23
2017.0833333332978,602,7,0.011627906976744186,602,7,0.011627906976744186,602,0,0.0,602,422,85,71,19
2017.166666666631,603,8,0.013266998341625208,603,5,0.008291873963515755,603,3,0.004975124378109453,603,409,91,85,13
2017.2499999999643,602,9,0.014950166112956811,602,2,0.0033222591362126247,602,7,0.011627906976744186,602,423,77,82,18
2017.3333333332976,611,9,0.014729950900163666,611,6,0.009819967266775777,611,3,0.004909983633387889,611,422,86,82,15
2017.4166666666308,604,5,0.008278145695364239,604,4,0.006622516556291391,604,1,0.0016556291390728477,604,416,87,87,11
2017.499999999964,603,5,0.008291873963515755,603,2,0.003316749585406302,603,3,0.004975124378109453,603,421,81,90,9
2017.5833333332973,602,4,0.006644518272425249,602,4,0.006644518272425249,602,0,0.0,602,410,86,84,19
2017.6666666666306,612,5,0.008169934640522876,612,4,0.006535947712418301,612,1,0.0016339869281045752,612,450,71,73,14
2017.7499999999638,604,6,0.009933774834437087,604,3,0.004966887417218543,604,3,0.004966887417218543,604,402,93,89,8
2017.833333333297,606,7,0.01155115511551155,606,3,0.0049504950495049506,606,4,0.006600660066006601,606,431,85,67,17
2017.9166666666304,604,4,0.006622516556291391,604,4,0.006622516556291391,604,0,0.0,604,414,90,82,12
2017.9999999999636,622,3,0.00482315112540193,622,2,0.003215434083601286,622,1,0.001607717041800643,622,445,91,67,15
2018.0833333332969,609,10,0.016420361247947456,609,8,0.013136288998357963,609,2,0.003284072249589491,609,428,75,92,12
2018.1666666666301,619,1,0.0016155088852988692,619,1,0.0016155088852988692,619,0,0.0,619,481,62,66,7
2018.2499999999634,604,8,0.013245033112582781,604,6,0.009933774834437087,604,2,0.0033112582781456954,604,458,63,74,6
2018.3333333332967,602,9,0.014950166112956811,602,9,0.014950166112956811,602,0,0.0,602,472,57,62,8
2018.41666666663,608,11,0.018092105263157895,608,10,0.01644736842105263,608,1,0.001644736842105263,608,493,50,54,6
2018.4999999999632,600,6,0.01,600,6,0.01,600,0,0.0,600,459,48,83,7
2018.5833333332964,605,10,0.01652892561983471,605,10,0.01652892561983471,605,0,0.0,605,465,49,72,16
2018.6666666666297,618,8,0.012944983818770227,618,7,0.011326860841423949,618,1,0.0016181229773462784,618,479,61,64,9
2018.749999999963,601,7,0.011647254575707155,601,7,0.011647254575707155,601,0,0.0,601,467,59,64,8
2018.8333333332962,604,10,0.016556291390728478,604,9,0.014900662251655629,604,1,0.0016556291390728477,604,448,65,75,12
2018.9166666666295,602,13,0.02159468438538206,602,8,0.013289036544850499,602,5,0.008305647840531562,602,426,84,69,18
2018.9999999999627,601,8,0.013311148086522463,601,8,0.013311148086522463,601,0,0.0,601,415,86,83,14
2019.083333333296,601,5,0.008319467554076539,601,5,0.008319467554076539,601,0,0.0,601,421,94,77,9
2019.1666666666292,600,13,0.021666666666666667,600,10,0.016666666666666666,600,3,0.005,600,426,89,66,19
2019.2499999999625,601,7,0.011647254575707155,601,6,0.009983361064891847,601,1,0.0016638935108153079,601,424,92,76,4
2019.3333333332957,602,6,0.009966777408637873,602,5,0.008305647840531562,602,1,0.0016611295681063123,602,453,72,64,8
2019.416666666629,602,8,0.013289036544850499,602,3,0.0049833887043189366,602,5,0.008305647840531562,602,443,73,70,9
2019.4999999999623,602,6,0.009966777408637873,602,5,0.008305647840531562,602,1,0.0016611295681063123,602,416,97,71,17
2019.5833333332955,601,5,0.008319467554076539,601,4,0.0066555740432612314,601,1,0.0016638935108153079,601,434,76,79,10
2019.6666666666288,601,9,0.014975041597337771,601,7,0.011647254575707155,601,2,0.0033277870216306157,601,404,90,89,15
2019.749999999962,650,8,0.012307692307692308,650,7,0.010769230769230769,650,1,0.0015384615384615385,650,419,109,108,11
2019.8333333332953,631,7,0.011093502377179081,631,5,0.00792393026941363,631,2,0.003169572107765452,631,421,92,101,13
2019.9166666666285,634,5,0.007886435331230283,634,3,0.00473186119873817,634,2,0.0031545741324921135,634,413,102,95,18
2019.9999999999618,621,3,0.004830917874396135,621,3,0.004830917874396135,621,0,0.0,621,421,84,97,16
2020.083333333295,620,6,0.00967741935483871,620,5,0.008064516129032258,620,1,0.0016129032258064516,620,405,102,94,17
2020.1666666666283,692,10,0.014450867052023121,692,8,0.011560693641618497,692,2,0.002890173410404624,692,381,114,136,54
2020.2499999999616,620,6,0.00967741935483871,620,5,0.008064516129032258,620,1,0.0016129032258064516,620,294,67,145,107
2020.3333333332948,645,6,0.009302325581395349,645,5,0.007751937984496124,645,1,0.0015503875968992248,645,372,66,116,86
2020.416666666628,615,7,0.011382113821138212,615,4,0.0065040650406504065,615,3,0.004878048780487805,615,369,74,103,57
2020.4999999999613,603,6,0.009950248756218905,603,5,0.008291873963515755,603,1,0.001658374792703151,603,379,69,115,36
2020.5833333332946,660,10,0.015151515151515152,660,10,0.015151515151515152,660,0,0.0,660,402,88,122,39
2020.6666666666279,601,3,0.004991680532445923,601,3,0.004991680532445923,601,0,0.0,601,359,76,130,33
2020.7499999999611,605,5,0.008264462809917356,605,3,0.0049586776859504135,605,2,0.003305785123966942,605,347,85,141,26
2020.8333333332944,604,2,0.0033112582781456954,604,2,0.0033112582781456954,604,0,0.0,604,359,84,109,42
2020.9166666666276,601,3,0.004991680532445923,601,3,0.004991680532445923,601,0,0.0,601,361,94,110,28
2020.999999999961,603,7,0.011608623548922056,603,7,0.011608623548922056,603,0,0.0,603,404,83,89,25
2021.0833333332941,604,7,0.011589403973509934,604,7,0.011589403973509934,604,0,0.0,604,445,67,80,10
2021.1666666666274,604,21,0.0347682119205298,604,20,0.033112582781456956,604,1,0.0016556291390728477,604,458,60,68,13
2021.2499999999607,601,18,0.029950083194675542,601,18,0.029950083194675542,601,0,0.0,601,471,57,52,19
2021.333333333294,606,29,0.04785478547854786,606,29,0.04785478547854786,606,0,0.0,606,520,36,39,11
2021.4166666666272,608,56,0.09210526315789473,608,55,0.09046052631578948,608,1,0.001644736842105263,608,521,36,32,18
2021.4999999999604,604,63,0.10430463576158941,604,57,0.09437086092715231,604,6,0.009933774834437087,604,495,33,56,16
2021.5833333332937,600,55,0.09166666666666666,600,55,0.09166666666666666,600,0,0.0,600,523,25,31,19
2021.666666666627,612,45,0.07352941176470588,612,42,0.06862745098039216,612,3,0.004901960784313725,612,505,41,35,25
2021.7499999999602,604,49,0.08112582781456953,604,46,0.076158940397351,604,3,0.004966887417218543,604,504,34,35,28
2021.8333333332935,602,74,0.12292358803986711,602,74,0.12292358803986711,602,0,0.0,602,518,30,37,15
2021.9166666666267,603,99,0.16417910447761194,603,99,0.16417910447761194,603,0,0.0,603,491,26,42,43
2021.99999999996,602,88,0.1461794019933555,602,83,0.1378737541528239,602,5,0.008305647840531562,602,505,26,44,25
2022.0833333332932,600,118,0.19666666666666666,600,117,0.195,600,1,0.0016666666666666668,600,519,24,36,20
2022.1666666666265,602,124,0.2059800664451827,602,124,0.2059800664451827,602,0,0.0,602,535,15,33,17
2022.2499999999598,600,135,0.225,600,134,0.22333333333333333,600,1,0.0016666666666666668,600,517,24,39,20
2022.333333333293,601,130,0.21630615640599002,601,129,0.2146422628951747,601,1,0.0016638935108153079,601,490,30,44,33
2022.4166666666263,602,135,0.22425249169435216,602,133,0.22093023255813954,602,2,0.0033222591362126247,602,500,32,38,29
2022.4999999999595,601,141,0.23460898502495842,601,139,0.23128119800332778,601,2,0.0033277870216306157,601,464,42,60,30
2022.5833333332928,602,120,0.19933554817275748,602,112,0.18604651162790697,602,8,0.013289036544850499,602,412,37,87,63
2022.666666666626,601,125,0.2079866888519135,601,105,0.17470881863560733,601,20,0.033277870216306155,601,404,45,92,55
2022.7499999999593,600,114,0.19,600,108,0.18,600,6,0.01,600,442,39,77,39
2022.8333333332926,602,124,0.2059800664451827,602,116,0.19269102990033224,602,8,0.013289036544850499,602,440,31,82,48
2022.9166666666258,600,103,0.17166666666666666,600,89,0.14833333333333334,600,14,0.023333333333333334,600,401,60,77,61
