Date,total_num_articles,num_of_relevant_articles,inflation_articles_per_month,positive_articles,neutral_articles,negative_articles,sentiment_gap
1980.0,6791.0,0.0,0.0,0.0,0.0,0.0,0.0
1980.0833333333333,6480.0,0.0,0.0,0.0,0.0,0.0,0.0
1980.1666666666665,6977.0,0.0,0.0,0.0,0.0,0.0,0.0
1980.2499999999998,6728.0,0.0,0.0,0.0,0.0,0.0,0.0
1980.333333333333,6805.0,0.0,0.0,0.0,0.0,0.0,0.0
1980.4166666666663,6700.0,0.0,0.0,0.0,0.0,0.0,0.0
1980.4999999999995,6141.0,0.0,0.0,0.0,0.0,0.0,0.0
1980.5833333333328,6618.0,0.0,0.0,0.0,0.0,0.0,0.0
1980.666666666666,6751.0,0.0,0.0,0.0,0.0,0.0,0.0
1980.7499999999993,7229.0,0.0,0.0,0.0,0.0,0.0,0.0
1980.8333333333326,7161.0,0.0,0.0,0.0,0.0,0.0,0.0
1980.9166666666658,6962.0,0.0,0.0,0.0,0.0,0.0,0.0
1980.999999999999,7792.0,1054.0,78.0,5.0,7.0,66.0,61.0
1981.0833333333323,6580.0,796.0,61.0,4.0,3.0,54.0,50.0
1981.1666666666656,7687.0,961.0,48.0,10.0,1.0,37.0,27.0
1981.2499999999989,7695.0,820.0,46.0,7.0,4.0,35.0,28.0
1981.3333333333321,8682.0,834.0,46.0,6.0,7.0,33.0,27.0
1981.4166666666654,8164.0,852.0,52.0,8.0,4.0,40.0,32.0
1981.4999999999986,7552.0,764.0,49.0,3.0,4.0,42.0,39.0
1981.583333333332,7757.0,932.0,46.0,7.0,5.0,34.0,27.0
1981.6666666666652,7312.0,862.0,57.0,3.0,6.0,48.0,45.0
1981.7499999999984,9167.0,1063.0,43.0,2.0,4.0,37.0,35.0
1981.8333333333317,8736.0,1025.0,51.0,4.0,6.0,41.0,37.0
1981.916666666665,8007.0,948.0,42.0,2.0,4.0,36.0,34.0
1981.9999999999982,8893.0,863.0,40.0,1.0,6.0,33.0,32.0
1982.0833333333314,8186.0,883.0,37.0,4.0,4.0,29.0,25.0
1982.1666666666647,7738.0,821.0,42.0,4.0,2.0,36.0,32.0
1982.249999999998,8440.0,719.0,22.0,2.0,1.0,19.0,17.0
1982.3333333333312,7896.0,808.0,29.0,1.0,2.0,26.0,25.0
1982.4166666666645,7587.0,909.0,35.0,2.0,2.0,31.0,29.0
1982.4999999999977,8170.0,865.0,30.0,1.0,3.0,26.0,25.0
1982.583333333331,8691.0,981.0,21.0,0.0,1.0,20.0,20.0
1982.6666666666642,7738.0,825.0,17.0,0.0,1.0,16.0,16.0
1982.7499999999975,9763.0,960.0,49.0,6.0,6.0,37.0,31.0
1982.8333333333308,8755.0,879.0,39.0,3.0,7.0,29.0,26.0
1982.916666666664,7984.0,883.0,30.0,4.0,1.0,25.0,21.0
1982.9999999999973,8203.0,693.0,37.0,5.0,2.0,30.0,25.0
1983.0833333333305,8078.0,571.0,30.0,1.0,4.0,25.0,24.0
1983.1666666666638,8667.0,641.0,17.0,2.0,1.0,14.0,12.0
1983.249999999997,9876.0,653.0,21.0,3.0,3.0,15.0,12.0
1983.3333333333303,9240.0,660.0,18.0,4.0,4.0,10.0,6.0
1983.4166666666636,7776.0,613.0,25.0,4.0,2.0,19.0,15.0
1983.4999999999968,9426.0,559.0,16.0,0.0,2.0,14.0,14.0
1983.58333333333,8750.0,508.0,5.0,0.0,0.0,5.0,5.0
1983.6666666666633,7815.0,1038.0,15.0,1.0,1.0,13.0,12.0
1983.7499999999966,9937.0,907.0,11.0,1.0,3.0,7.0,6.0
1983.8333333333298,9338.0,776.0,12.0,1.0,3.0,8.0,7.0
1983.916666666663,8144.0,749.0,11.0,0.0,1.0,10.0,10.0
1983.9999999999964,9079.0,520.0,13.0,2.0,1.0,10.0,8.0
1984.0833333333296,9143.0,677.0,15.0,0.0,2.0,13.0,13.0
1984.1666666666629,8929.0,663.0,12.0,2.0,4.0,6.0,4.0
1984.2499999999961,10118.0,597.0,14.0,0.0,2.0,12.0,12.0
1984.3333333333294,9904.0,617.0,9.0,0.0,1.0,8.0,8.0
1984.4166666666626,8234.0,680.0,15.0,2.0,3.0,10.0,8.0
1984.499999999996,9906.0,276.0,6.0,0.0,1.0,5.0,5.0
1984.5833333333292,9656.0,836.0,15.0,2.0,3.0,10.0,8.0
1984.6666666666624,8414.0,568.0,16.0,2.0,1.0,13.0,11.0
1984.7499999999957,10166.0,787.0,20.0,2.0,5.0,13.0,11.0
1984.833333333329,9427.0,848.0,19.0,3.0,4.0,12.0,9.0
1984.9166666666622,8383.0,583.0,3.0,0.0,0.0,3.0,3.0
1984.9999999999955,8706.0,725.0,24.0,6.0,3.0,15.0,9.0
1985.0833333333287,8270.0,782.0,20.0,2.0,3.0,15.0,13.0
1985.166666666662,8878.0,1098.0,17.0,2.0,1.0,14.0,12.0
1985.2499999999952,9045.0,971.0,14.0,2.0,1.0,11.0,9.0
1985.3333333333285,9450.0,1053.0,31.0,2.0,3.0,26.0,24.0
1985.4166666666617,8268.0,1012.0,23.0,2.0,1.0,20.0,18.0
1985.499999999995,8712.0,950.0,20.0,0.0,3.0,17.0,17.0
1985.5833333333283,9046.0,864.0,12.0,0.0,1.0,11.0,11.0
1985.6666666666615,8530.0,823.0,11.0,0.0,0.0,11.0,11.0
1985.7499999999948,9889.0,1082.0,13.0,2.0,4.0,7.0,5.0
1985.833333333328,9211.0,1206.0,15.0,2.0,4.0,9.0,7.0
1985.9166666666613,8524.0,1102.0,21.0,3.0,2.0,16.0,13.0
1985.9999999999945,9120.0,1059.0,18.0,0.0,6.0,12.0,12.0
1986.0833333333278,8772.0,996.0,24.0,5.0,4.0,15.0,10.0
1986.166666666661,9056.0,1295.0,25.0,3.0,4.0,18.0,15.0
1986.2499999999943,9951.0,1367.0,21.0,2.0,1.0,18.0,16.0
1986.3333333333276,9808.0,1217.0,19.0,2.0,3.0,14.0,12.0
1986.4166666666608,8523.0,1232.0,21.0,0.0,5.0,16.0,16.0
1986.499999999994,9077.0,1002.0,13.0,3.0,0.0,10.0,7.0
1986.5833333333273,9559.0,969.0,16.0,3.0,2.0,11.0,8.0
1986.6666666666606,8474.0,997.0,29.0,3.0,4.0,22.0,19.0
1986.7499999999939,10217.0,922.0,7.0,1.0,1.0,5.0,4.0
1986.8333333333271,9770.0,856.0,9.0,3.0,0.0,6.0,3.0
1986.9166666666604,8416.0,882.0,10.0,0.0,1.0,9.0,9.0
1986.9999999999936,9138.0,970.0,3.0,2.0,0.0,1.0,-1.0
1987.083333333327,8647.0,832.0,8.0,5.0,0.0,3.0,-2.0
1987.1666666666601,8937.0,938.0,8.0,1.0,4.0,3.0,2.0
1987.2499999999934,9554.0,931.0,14.0,5.0,4.0,5.0,0.0
1987.3333333333267,9968.0,909.0,11.0,10.0,1.0,0.0,-10.0
1987.41666666666,8047.0,850.0,5.0,2.0,1.0,2.0,0.0
1987.4999999999932,8555.0,939.0,11.0,2.0,4.0,5.0,3.0
1987.5833333333264,9150.0,922.0,13.0,7.0,5.0,1.0,-6.0
1987.6666666666597,8345.0,881.0,11.0,5.0,1.0,5.0,0.0
1987.749999999993,9486.0,805.0,8.0,3.0,2.0,3.0,0.0
1987.8333333333262,10031.0,868.0,3.0,1.0,1.0,1.0,0.0
1987.9166666666595,8353.0,899.0,7.0,2.0,3.0,2.0,0.0
1987.9999999999927,8962.0,776.0,7.0,2.0,1.0,4.0,2.0
1988.083333333326,8811.0,810.0,5.0,1.0,1.0,3.0,2.0
1988.1666666666592,8895.0,826.0,5.0,0.0,4.0,1.0,1.0
1988.2499999999925,8507.0,853.0,12.0,6.0,3.0,3.0,-3.0
1988.3333333333258,9760.0,858.0,16.0,5.0,5.0,6.0,1.0
1988.416666666659,7990.0,890.0,13.0,5.0,3.0,5.0,0.0
1988.4999999999923,8923.0,900.0,16.0,6.0,4.0,6.0,0.0
1988.5833333333255,9106.0,819.0,18.0,7.0,5.0,6.0,-1.0
1988.6666666666588,8366.0,856.0,15.0,11.0,0.0,4.0,-7.0
1988.749999999992,9679.0,708.0,7.0,3.0,1.0,3.0,0.0
1988.8333333333253,9555.0,814.0,6.0,4.0,1.0,1.0,-3.0
1988.9166666666586,7935.0,898.0,12.0,7.0,0.0,5.0,-2.0
1988.9999999999918,8784.0,796.0,12.0,6.0,3.0,3.0,-3.0
1989.083333333325,8279.0,689.0,24.0,4.0,9.0,11.0,7.0
1989.1666666666583,8989.0,856.0,17.0,5.0,4.0,8.0,3.0
1989.2499999999916,9732.0,730.0,6.0,3.0,2.0,1.0,-2.0
1989.3333333333248,9307.0,811.0,15.0,6.0,4.0,5.0,-1.0
1989.416666666658,7834.0,777.0,12.0,3.0,4.0,5.0,2.0
1989.4999999999914,8591.0,721.0,10.0,4.0,2.0,4.0,0.0
1989.5833333333246,8732.0,627.0,5.0,2.0,2.0,1.0,-1.0
1989.6666666666579,7504.0,619.0,7.0,4.0,0.0,3.0,-1.0
1989.7499999999911,9415.0,655.0,8.0,5.0,2.0,1.0,-4.0
1989.8333333333244,9192.0,629.0,7.0,3.0,2.0,2.0,-1.0
1989.9166666666576,8172.0,706.0,2.0,0.0,2.0,0.0,0.0
1989.999999999991,8879.0,616.0,4.0,3.0,0.0,1.0,-2.0
1990.0833333333242,8468.0,573.0,2.0,2.0,0.0,0.0,-2.0
1990.1666666666574,8856.0,654.0,5.0,0.0,1.0,4.0,4.0
1990.2499999999907,9694.0,574.0,6.0,3.0,1.0,2.0,-1.0
1990.333333333324,8963.0,666.0,7.0,1.0,3.0,3.0,2.0
1990.4166666666572,7071.0,698.0,1.0,0.0,1.0,0.0,0.0
1990.4999999999905,8219.0,592.0,4.0,1.0,1.0,2.0,1.0
1990.5833333333237,7987.0,771.0,8.0,2.0,3.0,3.0,1.0
1990.666666666657,7405.0,830.0,8.0,0.0,2.0,6.0,6.0
1990.7499999999902,8687.0,837.0,6.0,4.0,1.0,1.0,-3.0
1990.8333333333235,7782.0,675.0,10.0,0.0,0.0,10.0,10.0
1990.9166666666567,6894.0,686.0,15.0,1.0,1.0,13.0,12.0
1990.99999999999,6866.0,996.0,11.0,0.0,1.0,10.0,10.0
1991.0833333333233,7323.0,971.0,13.0,2.0,1.0,10.0,8.0
1991.1666666666565,7312.0,768.0,9.0,0.0,1.0,8.0,8.0
1991.2499999999898,8005.0,679.0,10.0,0.0,1.0,9.0,9.0
1991.333333333323,7274.0,736.0,7.0,1.0,2.0,4.0,3.0
1991.4166666666563,7439.0,650.0,9.0,0.0,1.0,8.0,8.0
1991.4999999999895,7506.0,587.0,15.0,2.0,3.0,10.0,8.0
1991.5833333333228,6297.0,449.0,8.0,2.0,0.0,6.0,4.0
1991.666666666656,7213.0,567.0,6.0,0.0,1.0,5.0,5.0
1991.7499999999893,6536.0,509.0,9.0,0.0,0.0,9.0,9.0
1991.8333333333226,6739.0,569.0,10.0,1.0,0.0,9.0,8.0
1991.9166666666558,7078.0,499.0,9.0,1.0,1.0,7.0,6.0
1991.999999999989,7618.0,538.0,7.0,0.0,1.0,6.0,6.0
1992.0833333333223,6032.0,529.0,6.0,1.0,1.0,4.0,3.0
1992.1666666666556,7753.0,547.0,9.0,1.0,2.0,6.0,5.0
1992.2499999999889,7182.0,419.0,5.0,0.0,0.0,5.0,5.0
1992.3333333333221,8082.0,486.0,7.0,1.0,1.0,5.0,4.0
1992.4166666666554,7123.0,537.0,12.0,1.0,1.0,10.0,9.0
1992.4999999999886,7235.0,500.0,5.0,0.0,0.0,5.0,5.0
1992.583333333322,7341.0,547.0,6.0,0.0,0.0,6.0,6.0
1992.6666666666551,6529.0,450.0,8.0,1.0,0.0,7.0,6.0
1992.7499999999884,7289.0,466.0,6.0,0.0,0.0,6.0,6.0
1992.8333333333217,7240.0,541.0,11.0,0.0,1.0,10.0,10.0
1992.916666666655,6614.0,562.0,8.0,2.0,0.0,6.0,4.0
1992.9999999999882,7340.0,721.0,8.0,0.0,0.0,8.0,8.0
1993.0833333333214,6575.0,630.0,2.0,0.0,1.0,1.0,1.0
1993.1666666666547,6062.0,570.0,12.0,1.0,2.0,9.0,8.0
1993.249999999988,6748.0,544.0,15.0,0.0,5.0,10.0,10.0
1993.3333333333212,7153.0,666.0,14.0,0.0,4.0,10.0,10.0
1993.4166666666545,6530.0,633.0,16.0,0.0,4.0,12.0,12.0
1993.4999999999877,6805.0,582.0,13.0,4.0,1.0,8.0,4.0
1993.583333333321,7115.0,545.0,11.0,1.0,2.0,8.0,7.0
1993.6666666666542,6056.0,527.0,14.0,0.0,2.0,12.0,12.0
1993.7499999999875,8068.0,637.0,10.0,1.0,2.0,7.0,6.0
1993.8333333333208,7182.0,576.0,10.0,2.0,1.0,7.0,5.0
1993.916666666654,6386.0,411.0,12.0,0.0,2.0,10.0,10.0
1993.9999999999873,6856.0,436.0,18.0,1.0,2.0,15.0,14.0
1994.0833333333205,5934.0,437.0,16.0,1.0,4.0,11.0,10.0
1994.1666666666538,6512.0,483.0,24.0,6.0,3.0,15.0,9.0
1994.249999999987,6642.0,374.0,20.0,4.0,5.0,11.0,7.0
1994.3333333333203,7177.0,434.0,33.0,1.0,4.0,28.0,27.0
1994.4166666666536,6249.0,406.0,19.0,0.0,1.0,18.0,18.0
1994.4999999999868,6925.0,426.0,19.0,4.0,0.0,15.0,11.0
1994.58333333332,6662.0,496.0,20.0,2.0,3.0,15.0,13.0
1994.6666666666533,6149.0,536.0,29.0,1.0,5.0,23.0,22.0
1994.7499999999866,7352.0,447.0,18.0,3.0,1.0,14.0,11.0
1994.8333333333198,6892.0,450.0,20.0,2.0,4.0,14.0,12.0
1994.916666666653,6106.0,374.0,16.0,1.0,4.0,11.0,10.0
1994.9999999999864,7038.0,465.0,25.0,6.0,5.0,14.0,8.0
1995.0833333333196,5695.0,407.0,19.0,2.0,3.0,14.0,12.0
1995.1666666666529,6695.0,462.0,13.0,1.0,2.0,10.0,9.0
1995.2499999999861,7527.0,400.0,15.0,1.0,1.0,13.0,12.0
1995.3333333333194,7062.0,458.0,15.0,1.0,2.0,12.0,11.0
1995.4166666666526,6581.0,462.0,10.0,0.0,1.0,9.0,9.0
1995.499999999986,7556.0,409.0,9.0,1.0,0.0,8.0,7.0
1995.5833333333192,7061.0,372.0,14.0,2.0,1.0,11.0,9.0
1995.6666666666524,6351.0,416.0,9.0,1.0,1.0,7.0,6.0
1995.7499999999857,9715.0,478.0,16.0,3.0,4.0,9.0,6.0
1995.833333333319,6803.0,493.0,6.0,1.0,1.0,4.0,3.0
1995.9166666666522,7151.0,565.0,6.0,0.0,2.0,4.0,4.0
1995.9999999999854,6829.0,496.0,4.0,0.0,1.0,3.0,3.0
1996.0833333333187,6605.0,390.0,9.0,0.0,1.0,8.0,8.0
1996.166666666652,7178.0,482.0,8.0,1.0,3.0,4.0,3.0
1996.2499999999852,6705.0,467.0,13.0,3.0,1.0,9.0,6.0
1996.3333333333185,6902.0,410.0,18.0,4.0,3.0,11.0,7.0
1996.4166666666517,7034.0,449.0,18.0,1.0,4.0,13.0,12.0
1996.499999999985,6992.0,483.0,12.0,0.0,2.0,10.0,10.0
1996.5833333333183,6010.0,357.0,14.0,2.0,2.0,10.0,8.0
1996.6666666666515,6387.0,456.0,20.0,3.0,0.0,17.0,14.0
1996.7499999999848,6675.0,324.0,20.0,4.0,1.0,15.0,11.0
1996.833333333318,6214.0,378.0,13.0,2.0,1.0,10.0,8.0
1996.9166666666513,6258.0,366.0,27.0,3.0,7.0,17.0,14.0
1996.9999999999845,7282.0,444.0,24.0,7.0,5.0,12.0,5.0
1997.0833333333178,6967.0,381.0,18.0,3.0,4.0,11.0,8.0
1997.166666666651,7647.0,505.0,26.0,3.0,5.0,18.0,15.0
1997.2499999999843,7386.0,406.0,24.0,3.0,6.0,15.0,12.0
1997.3333333333176,7398.0,380.0,13.0,1.0,2.0,10.0,9.0
1997.4166666666508,7427.0,457.0,12.0,3.0,3.0,6.0,3.0
1997.499999999984,7120.0,420.0,17.0,1.0,6.0,10.0,9.0
1997.5833333333173,7296.0,383.0,15.0,0.0,8.0,7.0,7.0
1997.6666666666506,7580.0,424.0,10.0,0.0,3.0,7.0,7.0
1997.7499999999839,8280.0,509.0,28.0,4.0,3.0,21.0,17.0
1997.8333333333171,7893.0,397.0,14.0,3.0,1.0,10.0,7.0
1997.9166666666504,7742.0,314.0,9.0,1.0,0.0,8.0,7.0
1997.9999999999836,7825.0,350.0,20.0,4.0,4.0,12.0,8.0
1998.083333333317,7147.0,478.0,12.0,2.0,0.0,10.0,8.0
1998.1666666666501,8137.0,423.0,5.0,0.0,0.0,5.0,5.0
1998.2499999999834,7669.0,370.0,4.0,1.0,1.0,2.0,1.0
1998.3333333333167,8089.0,424.0,15.0,1.0,3.0,11.0,10.0
1998.41666666665,7628.0,422.0,4.0,1.0,0.0,3.0,2.0
1998.4999999999832,7579.0,437.0,10.0,3.0,2.0,5.0,2.0
1998.5833333333164,7730.0,470.0,7.0,1.0,0.0,6.0,5.0
1998.6666666666497,7805.0,663.0,11.0,0.0,0.0,11.0,11.0
1998.749999999983,8314.0,585.0,7.0,1.0,0.0,6.0,5.0
1998.8333333333162,8422.0,539.0,8.0,0.0,1.0,7.0,7.0
1998.9166666666495,7899.0,656.0,5.0,1.0,1.0,3.0,2.0
1998.9999999999827,8588.0,630.0,13.0,3.0,0.0,10.0,7.0
1999.083333333316,7439.0,531.0,8.0,0.0,2.0,6.0,6.0
1999.1666666666492,8372.0,477.0,12.0,4.0,2.0,6.0,2.0
1999.2499999999825,7879.0,716.0,14.0,1.0,3.0,10.0,9.0
1999.3333333333157,8031.0,652.0,10.0,0.0,2.0,8.0,8.0
1999.416666666649,8382.0,588.0,19.0,3.0,2.0,14.0,11.0
1999.4999999999823,7821.0,442.0,12.0,1.0,2.0,9.0,8.0
1999.5833333333155,7755.0,381.0,19.0,2.0,4.0,13.0,11.0
1999.6666666666488,7575.0,396.0,14.0,4.0,1.0,9.0,5.0
1999.749999999982,8511.0,392.0,11.0,3.0,2.0,6.0,3.0
1999.8333333333153,7874.0,380.0,16.0,2.0,6.0,8.0,6.0
1999.9166666666486,8034.0,328.0,7.0,1.0,2.0,4.0,3.0
1999.9999999999818,8502.0,278.0,13.0,0.0,4.0,9.0,9.0
2000.083333333315,7953.0,326.0,18.0,3.0,4.0,11.0,8.0
2000.1666666666483,8482.0,376.0,14.0,2.0,2.0,10.0,8.0
2000.2499999999816,8231.0,499.0,10.0,5.0,3.0,2.0,-3.0
2000.3333333333148,8331.0,400.0,15.0,3.0,3.0,9.0,6.0
2000.416666666648,8193.0,388.0,9.0,0.0,2.0,7.0,7.0
2000.4999999999814,8215.0,376.0,9.0,1.0,2.0,6.0,5.0
2000.5833333333146,8131.0,361.0,11.0,2.0,4.0,5.0,3.0
2000.6666666666479,9736.0,417.0,6.0,1.0,1.0,4.0,3.0
2000.7499999999811,9966.0,477.0,10.0,1.0,2.0,7.0,6.0
2000.8333333333144,8635.0,357.0,7.0,0.0,0.0,7.0,7.0
2000.9166666666476,8425.0,530.0,10.0,0.0,1.0,9.0,9.0
2000.999999999981,9180.0,597.0,4.0,0.0,1.0,3.0,3.0
2001.0833333333142,8230.0,661.0,5.0,0.0,2.0,3.0,3.0
2001.1666666666474,8978.0,700.0,5.0,0.0,1.0,4.0,4.0
2001.2499999999807,8788.0,643.0,9.0,0.0,0.0,9.0,9.0
2001.333333333314,9649.0,650.0,7.0,1.0,0.0,6.0,5.0
2001.4166666666472,9215.0,669.0,12.0,2.0,0.0,10.0,8.0
2001.4999999999804,9058.0,518.0,2.0,0.0,0.0,2.0,2.0
2001.5833333333137,9214.0,535.0,1.0,0.0,0.0,1.0,1.0
2001.666666666647,9482.0,2027.0,4.0,0.0,0.0,4.0,4.0
2001.7499999999802,10168.0,1784.0,4.0,1.0,0.0,3.0,2.0
2001.8333333333135,9667.0,1018.0,4.0,0.0,0.0,4.0,4.0
2001.9166666666467,9683.0,967.0,9.0,0.0,1.0,8.0,8.0
2001.99999999998,9147.0,676.0,3.0,0.0,0.0,3.0,3.0
2002.0833333333132,8535.0,668.0,2.0,0.0,0.0,2.0,2.0
2002.1666666666465,8902.0,675.0,6.0,1.0,2.0,3.0,2.0
2002.2499999999798,10616.0,656.0,4.0,0.0,0.0,4.0,4.0
2002.333333333313,9260.0,636.0,7.0,0.0,0.0,7.0,7.0
2002.4166666666463,9268.0,684.0,5.0,2.0,0.0,3.0,1.0
2002.4999999999795,8580.0,611.0,2.0,0.0,1.0,1.0,1.0
2002.5833333333128,8487.0,616.0,3.0,0.0,0.0,3.0,3.0
2002.666666666646,9272.0,837.0,4.0,0.0,1.0,3.0,3.0
2002.7499999999793,9713.0,758.0,7.0,1.0,1.0,5.0,4.0
2002.8333333333126,9115.0,678.0,2.0,0.0,0.0,2.0,2.0
2002.9166666666458,9155.0,613.0,7.0,1.0,1.0,5.0,4.0
2002.999999999979,9213.0,819.0,3.0,0.0,1.0,2.0,2.0
2003.0833333333123,8603.0,1012.0,3.0,0.0,0.0,3.0,3.0
2003.1666666666456,9766.0,1752.0,4.0,1.0,0.0,3.0,2.0
2003.2499999999789,9351.0,1646.0,1.0,1.0,0.0,0.0,-1.0
2003.333333333312,9157.0,890.0,17.0,5.0,0.0,12.0,7.0
2003.4166666666454,9173.0,736.0,8.0,1.0,0.0,7.0,6.0
2003.4999999999786,8568.0,798.0,2.0,0.0,0.0,2.0,2.0
2003.5833333333119,8701.0,607.0,6.0,1.0,2.0,3.0,2.0
2003.6666666666451,8555.0,761.0,6.0,0.0,1.0,5.0,5.0
2003.7499999999784,9204.0,766.0,3.0,1.0,0.0,2.0,1.0
2003.8333333333117,9034.0,769.0,3.0,0.0,2.0,1.0,1.0
2003.916666666645,8747.0,708.0,5.0,2.0,2.0,1.0,-1.0
2003.9999999999782,8810.0,640.0,5.0,0.0,2.0,3.0,3.0
2004.0833333333114,8750.0,669.0,3.0,0.0,0.0,3.0,3.0
2004.1666666666447,8986.0,702.0,7.0,0.0,3.0,4.0,4.0
2004.249999999978,8519.0,831.0,15.0,1.0,3.0,11.0,10.0
2004.3333333333112,8899.0,945.0,11.0,1.0,1.0,9.0,8.0
2004.4166666666445,8436.0,952.0,17.0,0.0,5.0,12.0,12.0
2004.4999999999777,8696.0,703.0,11.0,2.0,0.0,9.0,7.0
2004.583333333311,8682.0,595.0,8.0,2.0,0.0,6.0,4.0
2004.6666666666442,9131.0,798.0,6.0,0.0,1.0,5.0,5.0
2004.7499999999775,10876.0,716.0,1.0,0.0,0.0,1.0,1.0
2004.8333333333107,8997.0,686.0,8.0,2.0,1.0,5.0,3.0
2004.916666666644,9165.0,630.0,4.0,1.0,0.0,3.0,2.0
2004.9999999999773,10567.0,684.0,4.0,1.0,0.0,3.0,2.0
2005.0833333333105,9311.0,598.0,6.0,0.0,0.0,6.0,6.0
2005.1666666666438,10262.0,620.0,11.0,0.0,2.0,9.0,9.0
2005.249999999977,10180.0,450.0,9.0,0.0,0.0,9.0,9.0
2005.3333333333103,10526.0,413.0,7.0,0.0,0.0,7.0,7.0
2005.4166666666436,10032.0,354.0,9.0,0.0,0.0,9.0,9.0
2005.4999999999768,10113.0,311.0,8.0,2.0,1.0,5.0,3.0
2005.58333333331,9698.0,315.0,6.0,2.0,0.0,4.0,2.0
2005.6666666666433,10256.0,271.0,4.0,0.0,0.0,4.0,4.0
2005.7499999999766,10464.0,286.0,11.0,2.0,2.0,7.0,5.0
2005.8333333333098,10130.0,350.0,8.0,1.0,0.0,7.0,6.0
2005.916666666643,9946.0,302.0,6.0,0.0,4.0,2.0,2.0
2005.9999999999764,10671.0,231.0,1.0,1.0,0.0,0.0,-1.0
2006.0833333333096,10030.0,367.0,5.0,3.0,0.0,2.0,-1.0
2006.1666666666429,12357.0,486.0,7.0,0.0,1.0,6.0,6.0
2006.2499999999761,12130.0,539.0,5.0,2.0,1.0,2.0,0.0
2006.3333333333094,15001.0,764.0,16.0,0.0,1.0,15.0,15.0
2006.4166666666426,15109.0,911.0,17.0,2.0,2.0,13.0,11.0
2006.499999999976,14294.0,820.0,11.0,0.0,1.0,10.0,10.0
2006.5833333333092,14075.0,1040.0,24.0,2.0,6.0,16.0,14.0
2006.6666666666424,15036.0,1176.0,23.0,2.0,4.0,17.0,15.0
2006.7499999999757,14845.0,1190.0,21.0,0.0,7.0,14.0,14.0
2006.833333333309,15028.0,1338.0,13.0,4.0,0.0,9.0,5.0
2006.9166666666422,14904.0,1218.0,24.0,1.0,5.0,18.0,17.0
2006.9999999999754,7905.0,522.0,4.0,1.0,0.0,3.0,2.0
2007.0833333333087,7186.0,440.0,11.0,2.0,4.0,5.0,3.0
2007.166666666642,8428.0,494.0,4.0,1.0,1.0,2.0,1.0
2007.2499999999752,8068.0,406.0,4.0,0.0,0.0,4.0,4.0
2007.3333333333085,8254.0,455.0,6.0,0.0,1.0,5.0,5.0
2007.4166666666417,8230.0,496.0,9.0,1.0,1.0,7.0,6.0
2007.499999999975,8558.0,454.0,3.0,1.0,0.0,2.0,1.0
2007.5833333333082,8061.0,439.0,5.0,1.0,1.0,3.0,2.0
2007.6666666666415,9063.0,497.0,4.0,0.0,0.0,4.0,4.0
2007.7499999999748,9561.0,432.0,4.0,0.0,1.0,3.0,3.0
2007.833333333308,8687.0,388.0,8.0,2.0,1.0,5.0,3.0
2007.9166666666413,8962.0,350.0,2.0,0.0,0.0,2.0,2.0
2007.9999999999745,9857.0,508.0,11.0,0.0,0.0,11.0,11.0
2008.0833333333078,9083.0,426.0,11.0,4.0,2.0,5.0,1.0
2008.166666666641,9561.0,447.0,7.0,0.0,1.0,6.0,6.0
2008.2499999999743,9449.0,452.0,6.0,1.0,1.0,4.0,3.0
2008.3333333333076,9468.0,414.0,4.0,1.0,1.0,2.0,1.0
2008.4166666666408,9368.0,445.0,12.0,0.0,1.0,11.0,11.0
2008.499999999974,9323.0,392.0,4.0,0.0,0.0,4.0,4.0
2008.5833333333073,10281.0,397.0,6.0,1.0,0.0,5.0,4.0
2008.6666666666406,10769.0,608.0,4.0,0.0,0.0,4.0,4.0
2008.7499999999739,11545.0,484.0,2.0,0.0,0.0,2.0,2.0
2008.833333333307,10054.0,520.0,4.0,2.0,1.0,1.0,-1.0
2008.9166666666404,10137.0,398.0,2.0,0.0,0.0,2.0,2.0
2008.9999999999736,10691.0,492.0,2.0,0.0,0.0,2.0,2.0
2009.0833333333069,10072.0,490.0,2.0,0.0,0.0,2.0,2.0
2009.1666666666401,11334.0,464.0,1.0,0.0,1.0,0.0,0.0
2009.2499999999734,11042.0,445.0,1.0,0.0,0.0,1.0,1.0
2009.3333333333067,13632.0,461.0,3.0,0.0,1.0,2.0,2.0
2009.41666666664,14413.0,430.0,2.0,1.0,0.0,1.0,0.0
2009.4999999999732,13687.0,405.0,2.0,0.0,0.0,2.0,2.0
2009.5833333333064,13140.0,370.0,1.0,1.0,0.0,0.0,-1.0
2009.6666666666397,14558.0,493.0,2.0,0.0,0.0,2.0,2.0
2009.749999999973,15463.0,423.0,6.0,0.0,1.0,5.0,5.0
2009.8333333333062,9432.0,332.0,1.0,0.0,0.0,1.0,1.0
2009.9166666666395,9475.0,283.0,2.0,0.0,0.0,2.0,2.0
2009.9999999999727,9820.0,363.0,3.0,0.0,1.0,2.0,2.0
2010.083333333306,9298.0,387.0,7.0,1.0,1.0,5.0,4.0
2010.1666666666392,10452.0,402.0,5.0,1.0,3.0,1.0,0.0
2010.2499999999725,9770.0,343.0,1.0,0.0,0.0,1.0,1.0
2010.3333333333057,9537.0,400.0,3.0,1.0,0.0,2.0,1.0
2010.416666666639,9609.0,412.0,1.0,0.0,0.0,1.0,1.0
2010.4999999999723,9085.0,421.0,5.0,0.0,0.0,5.0,5.0
2010.5833333333055,8793.0,434.0,8.0,0.0,0.0,8.0,8.0
2010.6666666666388,9404.0,510.0,3.0,0.0,1.0,2.0,2.0
2010.749999999972,9691.0,486.0,6.0,1.0,1.0,4.0,3.0
2010.8333333333053,8679.0,538.0,6.0,0.0,1.0,5.0,5.0
2010.9166666666385,8310.0,458.0,1.0,0.0,0.0,1.0,1.0
2010.9999999999718,8478.0,422.0,5.0,2.0,1.0,2.0,0.0
2011.083333333305,7917.0,328.0,3.0,0.0,1.0,2.0,2.0
2011.1666666666383,9026.0,356.0,3.0,0.0,0.0,3.0,3.0
2011.2499999999716,8751.0,335.0,8.0,1.0,2.0,5.0,4.0
2011.3333333333048,8732.0,362.0,2.0,0.0,1.0,1.0,1.0
2011.416666666638,8602.0,525.0,4.0,0.0,1.0,3.0,3.0
2011.4999999999714,7987.0,578.0,4.0,0.0,1.0,3.0,3.0
2011.5833333333046,8138.0,646.0,3.0,0.0,2.0,1.0,1.0
2011.6666666666379,9200.0,787.0,3.0,0.0,1.0,2.0,2.0
2011.7499999999711,8912.0,561.0,3.0,1.0,0.0,2.0,1.0
2011.8333333333044,8722.0,542.0,0.0,0.0,0.0,0.0,0.0
2011.9166666666376,8504.0,548.0,2.0,0.0,2.0,0.0,0.0
2011.999999999971,9168.0,556.0,0.0,0.0,0.0,0.0,0.0
2012.0833333333042,8796.0,528.0,2.0,0.0,0.0,2.0,2.0
2012.1666666666374,9280.0,591.0,2.0,1.0,0.0,1.0,0.0
2012.2499999999707,8240.0,522.0,2.0,0.0,0.0,2.0,2.0
2012.333333333304,8862.0,543.0,2.0,0.0,1.0,1.0,1.0
2012.4166666666372,8704.0,559.0,1.0,0.0,0.0,1.0,1.0
2012.4999999999704,7795.0,521.0,3.0,0.0,2.0,1.0,1.0
2012.5833333333037,8202.0,606.0,3.0,1.0,0.0,2.0,1.0
2012.666666666637,8306.0,617.0,1.0,0.0,0.0,1.0,1.0
2012.7499999999702,8731.0,506.0,0.0,0.0,0.0,0.0,0.0
2012.8333333333035,7959.0,552.0,1.0,0.0,0.0,1.0,1.0
2012.9166666666367,7212.0,476.0,2.0,0.0,1.0,1.0,1.0
2012.99999999997,7961.0,563.0,1.0,0.0,0.0,1.0,1.0
2013.0833333333032,7504.0,463.0,4.0,0.0,0.0,4.0,4.0
2013.1666666666365,8181.0,488.0,2.0,0.0,1.0,1.0,1.0
2013.2499999999698,7616.0,438.0,3.0,2.0,0.0,1.0,-1.0
2013.333333333303,7968.0,498.0,4.0,0.0,2.0,2.0,2.0
2013.4166666666363,7401.0,510.0,5.0,1.0,0.0,4.0,3.0
2013.4999999999695,6870.0,421.0,5.0,0.0,3.0,2.0,2.0
2013.5833333333028,6634.0,501.0,2.0,0.0,0.0,2.0,2.0
2013.666666666636,7348.0,571.0,0.0,0.0,0.0,0.0,0.0
2013.7499999999693,7711.0,539.0,5.0,0.0,2.0,3.0,3.0
2013.8333333333026,7015.0,437.0,2.0,0.0,0.0,2.0,2.0
2013.9166666666358,6775.0,424.0,1.0,0.0,0.0,1.0,1.0
2013.999999999969,7337.0,497.0,3.0,1.0,0.0,2.0,1.0
2014.0833333333023,6941.0,454.0,2.0,0.0,2.0,0.0,0.0
2014.1666666666356,7187.0,505.0,5.0,0.0,1.0,4.0,4.0
2014.2499999999688,7344.0,501.0,4.0,1.0,1.0,2.0,1.0
2014.333333333302,7549.0,521.0,4.0,0.0,1.0,3.0,3.0
2014.4166666666354,7345.0,632.0,1.0,1.0,0.0,0.0,-1.0
2014.4999999999686,6814.0,568.0,6.0,1.0,2.0,3.0,2.0
2014.5833333333019,6577.0,512.0,7.0,1.0,1.0,5.0,4.0
2014.6666666666351,7585.0,594.0,5.0,1.0,1.0,3.0,2.0
2014.7499999999684,7862.0,606.0,9.0,0.0,1.0,8.0,8.0
2014.8333333333017,6709.0,598.0,5.0,0.0,1.0,4.0,4.0
2014.916666666635,6701.0,511.0,5.0,0.0,1.0,4.0,4.0
2014.9999999999682,6906.0,477.0,11.0,0.0,0.0,11.0,11.0
2015.0833333333014,6437.0,396.0,1.0,0.0,0.0,1.0,1.0
2015.1666666666347,6975.0,556.0,4.0,0.0,0.0,4.0,4.0
2015.249999999968,6542.0,486.0,2.0,0.0,0.0,2.0,2.0
2015.3333333333012,6634.0,475.0,0.0,0.0,0.0,0.0,0.0
2015.4166666666345,6947.0,491.0,1.0,0.0,0.0,1.0,1.0
2015.4999999999677,6758.0,513.0,2.0,1.0,0.0,1.0,0.0
2015.583333333301,6086.0,390.0,4.0,0.0,1.0,3.0,3.0
2015.6666666666342,6990.0,578.0,5.0,0.0,4.0,1.0,1.0
2015.7499999999675,7365.0,509.0,3.0,0.0,1.0,2.0,2.0
2015.8333333333007,6241.0,394.0,2.0,0.0,2.0,0.0,0.0
2015.916666666634,6371.0,472.0,3.0,0.0,1.0,2.0,2.0
2015.9999999999673,6265.0,454.0,3.0,0.0,0.0,3.0,3.0
2016.0833333333005,6448.0,458.0,0.0,0.0,0.0,0.0,0.0
2016.1666666666338,6487.0,453.0,1.0,0.0,0.0,1.0,1.0
2016.249999999967,5927.0,371.0,0.0,0.0,0.0,0.0,0.0
2016.3333333333003,5921.0,365.0,0.0,0.0,0.0,0.0,0.0
2016.4166666666335,5920.0,352.0,1.0,1.0,0.0,0.0,-1.0
2016.4999999999668,5594.0,359.0,1.0,0.0,0.0,1.0,1.0
2016.5833333333,5224.0,340.0,2.0,0.0,0.0,2.0,2.0
2016.6666666666333,5894.0,404.0,0.0,0.0,0.0,0.0,0.0
2016.7499999999666,5511.0,291.0,1.0,0.0,0.0,1.0,1.0
2016.8333333332998,5331.0,547.0,2.0,0.0,1.0,1.0,1.0
2016.916666666633,4967.0,571.0,1.0,0.0,0.0,1.0,1.0
2016.9999999999663,5129.0,788.0,1.0,1.0,0.0,0.0,-1.0
2017.0833333332996,4935.0,817.0,1.0,0.0,0.0,1.0,1.0
2017.1666666666329,5546.0,858.0,4.0,1.0,1.0,2.0,1.0
2017.2499999999661,4878.0,662.0,2.0,0.0,1.0,1.0,1.0
2017.3333333332994,5384.0,809.0,2.0,0.0,0.0,2.0,2.0
2017.4166666666326,5300.0,786.0,1.0,0.0,1.0,0.0,0.0
2017.499999999966,4757.0,730.0,2.0,1.0,0.0,1.0,0.0
2017.5833333332992,4854.0,758.0,1.0,0.0,0.0,1.0,1.0
2017.6666666666324,5033.0,706.0,1.0,0.0,0.0,1.0,1.0
2017.7499999999657,5214.0,665.0,4.0,0.0,1.0,3.0,3.0
2017.833333333299,4834.0,674.0,2.0,0.0,0.0,2.0,2.0
2017.9166666666322,4560.0,628.0,2.0,0.0,0.0,2.0,2.0
2017.9999999999654,4757.0,732.0,1.0,0.0,1.0,0.0,0.0
2018.0833333332987,4573.0,638.0,7.0,0.0,2.0,5.0,5.0
2018.166666666632,5034.0,784.0,3.0,0.0,1.0,2.0,2.0
2018.2499999999652,4655.0,703.0,6.0,0.0,2.0,4.0,4.0
2018.3333333332985,5127.0,748.0,2.0,0.0,0.0,2.0,2.0
2018.4166666666317,4988.0,918.0,2.0,0.0,1.0,1.0,1.0
2018.499999999965,4444.0,814.0,4.0,1.0,2.0,1.0,0.0
2018.5833333332982,6381.0,784.0,2.0,1.0,0.0,1.0,0.0
2018.6666666666315,4722.0,842.0,1.0,0.0,0.0,1.0,1.0
2018.7499999999648,5146.0,830.0,3.0,0.0,0.0,3.0,3.0
2018.833333333298,4829.0,809.0,2.0,0.0,0.0,2.0,2.0
2018.9166666666313,4193.0,722.0,0.0,0.0,0.0,0.0,0.0
2018.9999999999645,4482.0,845.0,3.0,0.0,0.0,3.0,3.0
2019.0833333332978,4122.0,722.0,3.0,0.0,3.0,0.0,0.0
2019.166666666631,4690.0,779.0,0.0,0.0,0.0,0.0,0.0
2019.2499999999643,4523.0,719.0,2.0,0.0,0.0,2.0,2.0
2019.3333333332976,4737.0,775.0,9.0,1.0,0.0,8.0,7.0
2019.4166666666308,4496.0,874.0,3.0,0.0,0.0,3.0,3.0
2019.499999999964,4287.0,878.0,6.0,2.0,2.0,2.0,0.0
2019.5833333332973,4109.0,774.0,3.0,0.0,1.0,2.0,2.0
2019.6666666666306,4418.0,796.0,2.0,0.0,1.0,1.0,1.0
2019.7499999999638,4989.0,814.0,0.0,0.0,0.0,0.0,0.0
2019.833333333297,4420.0,727.0,1.0,0.0,1.0,0.0,0.0
2019.9166666666304,3985.0,680.0,1.0,0.0,0.0,1.0,1.0
2019.9999999999636,4480.0,869.0,1.0,0.0,0.0,1.0,1.0
2020.0833333332969,4240.0,729.0,0.0,0.0,0.0,0.0,0.0
2020.1666666666301,4883.0,961.0,0.0,0.0,0.0,0.0,0.0
2020.2499999999634,5019.0,835.0,0.0,0.0,0.0,0.0,0.0
2020.3333333332967,4347.0,800.0,1.0,0.0,1.0,0.0,0.0
2020.41666666663,4492.0,834.0,1.0,0.0,0.0,1.0,1.0
2020.4999999999632,4459.0,808.0,0.0,0.0,0.0,0.0,0.0
2020.5833333332964,4439.0,785.0,3.0,1.0,0.0,2.0,1.0
2020.6666666666297,4609.0,855.0,2.0,0.0,1.0,1.0,1.0
2020.749999999963,5257.0,881.0,0.0,0.0,0.0,0.0,0.0
2020.8333333332962,5114.0,846.0,0.0,0.0,0.0,0.0,0.0
2020.9166666666295,4154.0,639.0,0.0,0.0,0.0,0.0,0.0
2020.9999999999627,7001.0,1008.0,3.0,0.0,0.0,3.0,3.0
2021.083333333296,4260.0,704.0,8.0,0.0,3.0,5.0,5.0
2021.1666666666292,4786.0,740.0,12.0,1.0,4.0,7.0,6.0
2021.2499999999625,4592.0,684.0,12.0,1.0,4.0,7.0,6.0
2021.3333333332957,4265.0,651.0,14.0,0.0,2.0,12.0,12.0
2021.416666666629,4260.0,663.0,17.0,3.0,3.0,11.0,8.0
2021.4999999999623,4467.0,645.0,19.0,2.0,5.0,12.0,10.0
2021.5833333332955,4223.0,676.0,14.0,0.0,4.0,10.0,10.0
2021.6666666666288,4482.0,718.0,7.0,2.0,1.0,4.0,2.0
2021.749999999962,4254.0,651.0,21.0,5.0,3.0,13.0,8.0
2021.8333333332953,4006.0,578.0,41.0,5.0,6.0,30.0,25.0
2021.9166666666285,3933.0,549.0,31.0,1.0,4.0,26.0,25.0
2021.9999999999618,3799.0,641.0,38.0,6.0,9.0,23.0,17.0
2022.083333333295,4059.0,663.0,39.0,5.0,9.0,25.0,20.0
2022.1666666666283,4310.0,668.0,37.0,4.0,6.0,27.0,23.0
2022.2499999999616,3934.0,555.0,29.0,3.0,5.0,21.0,18.0
2022.3333333332948,4179.0,665.0,47.0,4.0,2.0,41.0,37.0
2022.416666666628,4374.0,723.0,60.0,1.0,7.0,52.0,51.0
2022.4999999999613,3835.0,658.0,54.0,1.0,14.0,39.0,38.0
2022.5833333332946,3983.0,740.0,61.0,12.0,12.0,37.0,25.0
2022.6666666666279,4087.0,602.0,40.0,6.0,9.0,25.0,19.0
2022.7499999999611,3857.0,620.0,50.0,7.0,6.0,37.0,30.0
2022.8333333332944,4742.0,723.0,45.0,4.0,5.0,36.0,32.0
2022.9166666666276,3548.0,574.0,29.0,2.0,4.0,23.0,21.0
